id,predicted_price
2591820310,364436.84
7974200820,828813.75
7701450110,1120944.1
9522300010,1821338.8
9510861140,694565.44
1761300310,232706.67
7732410120,790803.1
7010701383,630144.8
291310170,398001.62
4232901990,566538.56
6840701125,720537.5
3971700580,399096.6
4202400078,226841.97
6064800090,345493.3
2626119028,211680.88
3303980660,1031158.0
862000020,754762.1
2386000070,872881.0
1138000450,362898.84
1775800420,455559.4
2291401425,424743.06
2025770560,930388.1
3525069037,658409.25
9324800450,569279.94
8080400136,528378.75
8651540040,498011.3
9407001790,250269.47
1773101530,181318.12
9432900250,319673.84
1794500695,619600.5
2220069003,342495.97
923000120,470851.16
5728000060,508979.9
16000200,262958.62
1926059094,408127.9
6672900220,1127186.6
3629860060,863348.2
1822069109,390047.5
6675500105,380309.34
249000180,1893902.5
226059065,479700.62
396100110,240697.14
9264450460,327352.72
7853361210,393040.0
9474700020,278569.78
421000455,267595.53
3755200220,412536.0
7960100075,469706.25
9477100490,438211.0
9138100350,807704.2
1624049275,472406.38
2770606890,505313.16
1157200189,397415.38
2770601800,489271.84
9301300805,547745.9
2325069032,1161443.6
1021079099,343176.06
7215730040,755765.3
1853200080,441355.1
3224600340,679036.0
3222049120,373261.0
2113700025,290318.25
7893207925,184017.72
3586501085,526197.25
8024200010,355051.53
7116500705,199204.17
1598600209,337937.06
7204200025,1033067.8
4206901505,622717.4
2937300440,911391.25
7205000180,333685.22
8718500665,341229.3
5318101765,878278.9
4122700020,862877.1
8078700020,527441.8
3303980680,862546.4
8924100372,1211251.6
2781270210,206783.47
519000043,502256.25
3225069301,1336585.9
151000075,707924.8
2297400020,415331.66
6617500085,656168.06
104510180,240589.89
3528900060,1040678.2
3345100286,522317.84
1226039130,417605.56
8712100720,768148.44
3037200010,413335.66
3626039268,393514.44
104510230,250582.81
5112800060,395558.8
6072400280,620045.56
5317100570,1191120.9
9528102993,547940.56
2919201095,542169.5
6181400920,272489.62
185000161,231448.27
8691400010,780026.06
3345700165,581604.2
6151800486,208890.92
4340000080,1267899.9
4136960010,580720.4
3634100030,299057.0
1624059224,1043935.94
2788400090,244982.45
9828200762,510661.4
7524400250,581856.2
3528000290,690743.1
5700003630,1990176.1
2720069019,327388.3
7227501170,206334.88
2397101270,578943.56
6792100090,714890.44
2770602265,562750.75
3971700937,274121.47
422049203,194557.0
3076500830,302215.97
1423400260,321241.75
9161100795,496610.3
3126049052,534506.75
5100401468,421957.28
514500235,421294.94
1423200170,190243.69
1402100070,408573.06
624110020,688963.7
2407000145,211467.72
1890000225,789893.8
1320069271,342485.2
5490700085,337937.2
263000155,444497.56
3726800201,411213.4
5153200358,278949.97
2725079018,747651.5
7165700200,252084.39
9429000170,585983.6
8718500075,368411.75
1760650950,314865.56
1068000559,1229114.9
4113800500,637375.25
4077800507,535510.94
2725069150,697014.0
4008400035,604257.7
7016310270,414996.53
1432701230,213855.62
3278606050,364863.84
2473350710,382887.28
2185000685,170959.02
7792000025,306910.53
6868200029,459244.9
624069003,735258.5
7431500280,828537.2
3296000040,549558.1
1118001215,1645306.4
6453900040,699963.06
333100209,778494.4
34001765,638007.7
8946700100,370841.9
5561401210,530790.1
6671900095,373008.53
3275850020,730208.3
3876300600,391075.84
1450900020,249965.4
8562780280,329411.47
7663700973,327612.88
2126049032,315830.25
1823059159,192480.53
3438503426,287151.47
9297301495,544869.25
7140700850,378191.0
7942601805,647364.0
2555900030,329621.62
2887970040,278491.72
7419700010,649983.7
2239000011,370697.1
9283800050,335282.66
9407001340,289532.3
217500140,534003.25
7212660520,259084.3
3298201170,371035.34
3057000400,285651.34
6865200444,469861.53
6071600340,501291.28
6821600005,742089.0
1235100371,683863.3
7796450340,333228.25
3603000410,176160.77
9297300255,550279.8
9126100850,540945.3
2770601462,532137.4
2599001500,204302.7
1102000095,691717.7
1853080640,915054.44
9551201585,959320.75
3438500796,396885.84
7518504291,505127.47
9269200340,433185.4
715010130,1498722.9
1982201485,605153.1
9526500080,390539.56
9277200180,505473.5
6669150280,302401.38
8917100153,581028.9
3760500516,976764.56
2725069050,872606.25
3332000091,322549.84
8562770080,571793.4
8151601190,235128.28
8563040160,585323.5
240000269,842649.5
4307350200,364292.0
1311910300,268026.75
3574900030,524986.8
7853230570,401463.3
320069049,370854.72
9839301060,763157.5
7011201333,598076.56
2781320100,267150.8
3421069120,435218.03
7852030320,455442.5
5316101075,2142673.0
5309100750,557636.25
629000730,780943.25
511700170,302529.25
1562100030,545512.8
2489200230,638755.5
524069116,484915.72
5315100737,1080581.4
1868900675,778852.8
1608000120,356827.25
705700240,353298.8
7575600610,264442.5
1778500015,695962.1
5423500240,186029.86
6713700025,323132.12
2734100734,305366.38
301402280,230955.7
2113700205,260941.67
4114601570,3313437.8
3332000615,295144.5
3630050180,338224.8
6852700520,540708.0
6870310010,639924.0
6163900981,299143.3
393000142,405560.22
1771100130,382871.7
1442860160,368170.03
9191200435,561913.25
6788200800,1037908.5
1115300070,680068.1
3176600105,667845.3
2770604665,599204.0
5469500580,406329.06
5680000545,481768.2
3424089119,557634.8
1328300180,308024.6
1773100922,337552.75
4123830480,312993.1
9808610190,887528.0
4250200140,266742.94
4217402115,4113801.5
3831250350,392468.06
2397101055,835295.9
6817850110,814865.0
7526800200,610916.4
7853370100,655819.7
2523089025,872289.56
9476200680,289667.03
5714200140,396980.88
3575304895,543587.8
263000018,397649.62
8080400177,554304.75
6450304130,335607.1
514500090,507369.16
9477000300,480761.03
853600310,1386583.2
1951600240,198634.08
1099900120,295941.2
5323100120,563959.6
1223089016,445727.75
522059172,236586.83
1930300190,715557.44
9542840410,300872.12
8665050530,504463.12
5592900205,358517.28
5450300010,660686.9
2459960030,347184.6
3331500455,491227.97
3432500705,397365.03
3702900165,308846.3
5249803550,616478.8
626049058,441500.97
1788900380,167331.67
8075400360,193242.38
9113200250,810016.75
2738640040,703146.94
7821200307,496551.25
3530440140,248679.16
3582700130,471635.6
9276200569,707413.44
7197800020,617114.2
686200490,519482.34
3501600100,438263.2
6383000690,622071.6
7604400150,395537.0
5249801411,655572.7
2607720420,467176.06
9561100010,381517.16
1796370590,315598.06
4077800593,340861.2
854000165,259696.62
5536100010,756641.5
4188000670,797017.94
31000165,1283504.1
662350050,943085.06
4137000280,336877.47
6169901130,1126418.2
1953400510,246201.73
7518506716,1023197.0
1552520010,358601.3
7955080270,326936.1
9212900100,561305.7
3438500798,368037.44
7899800890,242846.48
4319200605,501291.78
1329300480,351526.25
8935100100,847859.25
5016001260,442002.9
4337600280,273352.16
1446401220,194092.64
7135521530,637936.4
6888900115,284036.2
2413301070,272497.94
345700040,309990.5
5566100145,480568.12
7634800070,364020.5
9346910500,679983.8
3529300060,325425.66
8128600060,1087542.5
8572900275,242959.31
4139420590,1593094.0
9274200322,607382.75
1472700200,542325.1
8820903380,522235.12
8563010130,923190.4
8965450110,836593.56
9274204230,454470.34
8165501700,376673.75
2193340260,534106.7
1860600290,895118.3
1222000055,194226.56
2492200280,452525.1
2488200455,370913.38
809001520,1088649.9
1796361140,236693.28
6398000011,749959.3
6813600365,543035.06
7504100920,779318.1
8835770330,638056.25
524059322,824039.4
4307330280,382092.62
1245002952,1008201.8
2021069059,230762.12
5700000595,617498.44
3629970930,768619.0
3336002215,234499.23
5100401060,632322.2
3278600750,308879.62
1126069045,1030423.56
7568700175,300055.56
452001475,470281.88
9283800230,529907.3
1737300130,588133.2
6189600040,489010.88
3679400025,468800.28
1096100010,289340.53
9513900050,229067.48
5452800645,686691.44
273800100,232313.7
7228500037,494593.66
808300090,456535.2
2493200215,476312.1
5035300255,740603.2
3380900160,418078.06
3630000130,407016.25
7300400670,277387.6
6798100070,378959.6
8078400010,557640.3
5566100060,551955.94
2768200212,506889.1
4035900060,559171.94
9460000110,320488.84
7199320190,562192.7
2225039081,477997.1
9512200050,587265.4
2634500085,301356.53
3654800200,278199.88
2724079090,1024121.44
2597520720,769276.7
3034200426,400845.28
984000130,297578.47
7852020670,442248.97
7923500060,711590.94
2310030510,324689.78
2205500540,507105.28
2493200015,391408.34
7853361420,538882.0
5652600605,483401.8
5285200020,278846.2
9406530150,369325.78
5706300020,458664.97
3278602490,453262.56
7197000100,543254.9
4447300008,503643.22
7899800045,218550.83
9250900095,335855.97
9268851740,582116.44
8682261440,507774.25
7284900385,805777.44
8079040300,447532.28
2225300585,386077.9
3223039013,443975.1
2013801350,349025.3
4055701110,764715.2
3578401770,432918.75
4046500720,565018.2
6145601745,383840.06
5207200195,717675.6
1972201856,559186.94
7212680080,230709.75
7277100510,603104.25
522079022,624086.44
5605000440,872249.25
6632300230,340734.22
8815400165,657864.3
6708200320,492890.56
2426059076,583427.75
3260200200,595112.56
2770601741,497226.53
4338800500,214611.47
9201000320,742385.25
7655900038,370302.25
3625059140,597088.25
4222310010,231557.97
2114700115,318002.6
3291800710,336486.84
9406590010,411365.78
3025059124,2807741.5
7972601250,428958.25
930000470,1033312.4
6690500060,466022.66
16000015,212397.0
5693501102,563017.44
8079040490,432513.7
7225000155,325885.66
8819900170,773504.3
7972601270,330354.9
1224069074,776495.8
5126900321,336627.2
3438501860,285168.44
2822069080,422553.38
1656600310,589047.0
3856900507,1256370.5
1626069139,425267.88
2524049257,1248399.2
3904960150,568478.06
7214820610,438438.03
7977201845,578468.9
2428100080,896319.94
2202500135,406440.38
1523550220,702906.56
2313900610,481045.16
4123840050,374760.4
2125059124,1158699.6
1225039067,477542.75
6431500283,473044.4
2473380010,310527.2
5694501195,407898.78
2881700046,358911.66
6837820330,332948.38
2337300370,202011.48
3876540630,228067.77
626059317,348544.75
3374500520,356155.66
7228501903,359709.5
4019300051,466938.22
4232902615,667733.94
3546000090,240250.61
8127700215,775399.9
3438501100,404525.72
1769600066,800014.75
8146100610,653047.6
3052700695,532974.56
7954310210,636541.75
3761700053,2111976.0
1320069179,314706.12
1331900410,748131.2
7303100210,303341.9
2464400285,479018.28
6163901150,325755.5
8955800045,397488.44
2314300200,417123.22
9528104360,422955.8
4177100005,661295.7
8856960260,320862.72
1828001220,626057.56
3066400710,689188.7
624110610,847769.2
4040800260,375452.4
5019500215,524709.56
2481630180,1231209.5
7203170190,687741.0
510001280,888246.4
9430110120,759923.8
1565950030,324847.16
9828202255,822692.44
3878900270,468583.75
8091600080,250531.66
1112000035,282457.06
2228900270,285426.22
6648701740,291146.7
1245003740,671026.06
2174503441,600626.94
7708250010,307305.66
6072300110,676551.7
2329800140,263230.66
1494300040,503228.9
3832050130,285705.44
7203100730,855983.1
7199330170,488245.2
7785000220,706739.06
1250201175,427563.56
4054500180,1050747.1
7905200061,429101.84
3751604895,177840.73
5220300140,286705.6
3323059027,309770.94
8651611980,910848.7
8673400190,529625.44
1668500100,812367.56
1023059365,572491.3
3308030060,321064.66
4232400860,952112.7
2144800615,265740.53
1568100920,1855283.2
9406510040,512825.4
2923049421,327955.34
1051000040,1480338.5
2077700042,660982.0
9423800030,239385.6
9818700455,664104.3
7133300675,408692.5
4113800550,618934.75
5553300375,1580236.8
2025701530,259928.95
7942601155,409768.16
7524300020,265514.3
2520069100,307402.97
5412300410,242392.72
7504110760,720737.25
2594200350,459241.47
2722059013,225740.53
8078430480,523506.75
1423069162,536683.2
8856001090,144754.72
7000100631,670501.56
4222200280,210958.08
7971300050,610056.6
2009001600,232673.58
6619910140,692348.06
2877100985,523145.56
1196000007,307921.5
1330850130,740507.2
6664900410,266503.22
1231001110,289291.88
9235900030,254321.98
9407101840,296232.3
9523103001,407711.4
2149800278,360507.44
7234601198,631716.8
9476700035,422579.6
9297301065,647500.6
518500700,818626.7
7843500090,321035.2
6056110780,329376.28
2345700260,342610.12
3509600070,202781.22
1431700280,381680.5
1623049174,273447.38
3024089049,336040.66
7853340450,415368.94
7732410360,759591.25
1446800995,301165.5
2946000285,233274.19
425079100,454238.72
3876313040,418683.78
1762600260,932838.8
1925069121,975108.4
7443000480,855057.8
7820000015,382388.56
4027701253,483225.44
2826049165,373971.0
5426300060,962136.2
1278000210,160089.42
923000270,359477.4
7657600005,240074.83
3024079057,335191.66
3276180020,326720.2
7304300760,275165.3
3908100020,529926.9
8835400805,627207.06
4051150070,219454.38
3904930530,485712.22
6163900971,377700.88
7942600310,424395.03
4365700330,299429.34
423059207,295034.97
3992700265,329665.8
7177300090,445651.7
2540820010,694479.4
5700002510,926099.75
5201000030,575879.25
7631800015,1899140.1
2922702965,684578.44
1525059198,825404.0
1245003160,720535.56
3810000455,315313.25
7855600080,607371.1
5701500030,1101072.2
7504020400,610445.8
1402600570,311637.28
7575610760,288552.97
8731990370,368888.56
5021900090,895351.4
290000075,457194.38
2841500010,448306.44
3955900830,430977.22
7852110140,565675.8
1311400350,241535.16
7773800015,574436.4
4123400320,503259.6
2725069157,890313.2
666000143,784715.3
5101408678,509128.16
6371000026,402850.78
2024059084,682841.75
7283900036,322553.4
8881900230,774923.25
3959400135,386600.38
7696610270,252023.28
1689400150,893436.94
5103900015,400862.4
1441000350,454651.4
5101408735,315421.7
3126059027,1908813.1
2320069014,518932.78
9541600015,662105.1
8682320420,764990.06
1562200090,615762.44
3395070980,549095.8
7349600230,231732.97
522049122,283473.16
869700060,262633.97
811000055,1384159.5
1221059176,447105.2
1523059103,471901.97
2025760210,707190.3
9218400088,332052.2
8682292020,447803.8
2623089135,458811.88
3758900259,1423106.4
524069049,618117.8
3121500150,834258.75
5581400080,765311.94
8087800020,456914.3
4070700290,744148.0
3296000170,612947.6
9238500040,519424.4
2744600040,344768.47
6813600380,630829.9
6140100150,480915.9
2201500555,516674.88
2600110250,668145.8
4337000275,141916.88
1186000150,583317.06
1972201963,496518.34
1105000745,325590.3
2887700560,624421.4
4039700080,753461.44
522049104,278900.4
4202400078,256230.19
7520000695,191267.52
7714000310,373646.4
4319200060,700232.9
8624700015,628422.1
5104520610,336176.88
2354300845,286376.38
3824100291,453455.28
6151800612,242965.73
5454200080,1020814.56
6413600290,337332.78
2131200065,269943.75
1459920010,284619.6
50300090,379110.7
2326300090,659300.94
7714000070,379752.72
3630180500,939034.44
1727850340,985442.9
8691430330,1010451.56
2310030390,271703.06
5561400610,476556.44
7010701016,520113.56
7883605915,276702.25
1282300995,362980.25
4040700310,460467.66
3353400435,243625.69
2143701015,537514.7
255450020,381780.03
1020069017,349619.12
4038200120,475520.38
9284801100,307620.9
1965200075,717499.6
847100047,576786.1
4038700720,556891.75
6815100085,791327.2
2508000020,315592.8
255520180,599349.25
6822100750,658795.4
869700050,298937.22
1775801405,535159.9
6600400090,221674.88
7202330270,502046.16
1683400165,838093.5
2625069070,1128588.6
7625702440,418628.72
3388000640,238973.02
1899400365,322774.06
6899990200,903454.0
5569700020,839655.4
986000045,273055.9
3293700221,289223.16
3764800250,327125.9
2291400566,337068.47
4219401236,1418933.2
4239400840,185303.52
7211400990,210998.7
7696500280,190074.9
7215721070,526836.1
3204850140,366006.62
4322200220,713770.3
2566300100,1168043.4
1944900090,420955.4
6648500390,298903.94
7385300020,694119.4
1704900135,334175.28
2877100655,723452.06
2726079098,541107.75
7625703800,553524.9
318300040,512168.03
7922800190,513765.25
2023049361,266190.66
8946400210,495112.1
6071600450,545183.9
4343800100,375688.53
1443300140,336474.84
1024039001,862037.1
2767704860,594683.9
7234600851,577589.8
644200065,812005.44
7784400035,704089.06
3826000560,214452.8
9272202260,423665.1
263000253,468159.38
3621059043,581633.1
240000130,492561.97
1352300120,218047.88
7849200861,255852.12
2487700130,511575.72
1796100140,212701.12
7234601221,503950.7
8651710190,438389.78
2916200091,600413.4
1232000915,504639.25
1545801970,281389.72
3211200420,326494.4
7686204675,206167.1
3141600210,162378.42
3959401284,531005.1
2113700825,262927.34
3876000710,393532.62
522069022,552011.94
3214200070,367025.38
1221039156,303738.56
259600790,434155.1
785000040,509409.88
8138870470,502599.53
2596300035,337849.4
540100057,1562954.8
3073500045,472914.3
5363200266,400577.03
8682261650,558548.9
3224510080,841173.1
3211270160,434164.38
9269200520,170045.25
293810190,482140.5
4197400043,374828.12
3026079031,336964.44
5332200405,1012822.7
2473411210,293736.25
9268200315,587881.1
8123500050,596139.44
3221069091,444902.56
2485000165,603959.3
4058800215,578581.5
1926059039,862771.2
2533300680,986886.3
3343903640,339155.0
5700003705,1342396.2
2023049372,376393.16
4058800830,634473.5
3333002302,439820.03
2944500340,293503.2
1982200790,529523.2
8929000270,503178.78
8122101440,260881.9
7525530470,766206.2
9332800020,616702.94
3878900525,218483.92
5420300210,243554.6
9232900165,361338.7
6414100026,408476.34
3013300660,815535.9
7954300120,596295.8
1081200360,321357.97
2877102345,466085.2
2202500255,496824.1
7984400050,212515.47
9558020380,474145.75
7812801850,220158.03
8944460020,379502.4
2306400040,641545.9
8649400410,330904.78
7889602020,224181.16
2041000025,516905.34
871001484,648013.06
2767602141,498241.06
3630180470,782775.4
2769602140,435061.4
2473250280,317200.9
5422560660,541600.7
3756600240,357874.56
8651600160,828726.0
7202300540,847512.4
8961950250,448557.47
3303000130,481370.22
798000062,238499.16
1695900150,871297.1
1604730150,521919.4
4136930310,449899.2
8835401250,1521842.1
8665900328,396941.66
9262800255,294160.88
1853080570,826056.7
5556300114,726601.5
9517200290,414955.34
4037200295,463904.5
7417100123,439324.0
2620069077,254897.9
7922720040,679069.9
558100090,568950.25
257000037,266542.88
3319500385,418737.28
9297301520,419694.03
3580900090,348616.88
1321039076,188167.34
7227801581,283110.5
9407001620,301655.62
2130400150,309497.8
2312400200,220751.86
4046700210,412583.22
1193000480,941785.4
1492800296,507199.0
3013300017,491959.62
3630240140,596356.6
1049010390,353232.56
9320900420,149212.84
4315700060,390454.12
2591010290,288870.47
323089085,684116.7
6600400270,211182.84
2919701105,457723.06
7202360670,907769.06
8927600100,825370.1
3211700045,633068.4
4027701326,479053.7
1601600195,260062.28
7853280350,758369.06
3629970130,717257.25
7203120020,819283.94
9542900190,363724.56
8035350120,581596.9
1238501184,922646.56
251200240,457550.16
8945300200,186890.33
2162000160,1240290.6
5466310060,162380.48
1239400064,886809.25
5205000020,338699.7
1720800305,652254.2
7280300375,565832.5
2095800400,444975.0
7852010950,567172.1
1428001160,531203.6
9528104910,701318.1
8644210470,882279.6
7923300310,504736.75
254000100,632286.1
1931300688,529397.06
7007700030,441503.06
422049178,224145.34
422069067,450691.78
2923049393,392232.4
930000305,419421.06
2461900448,517235.06
2610100020,315104.22
2895550050,269336.44
7701700040,247577.44
2460900020,498181.38
9827700105,549164.4
1005000240,268968.47
7200001254,487912.8
866400040,510015.4
305000170,651124.75
2260800110,886488.5
3442000127,677155.5
5253300437,467475.16
7576700150,1016186.5
5469501410,456569.2
5104531120,809444.06
723049434,327660.75
622069006,1485239.4
2517101200,319292.56
8159620160,244395.6
5561300640,423247.22
3317010130,237331.61
4364200250,383199.66
8732300060,614511.8
5603700025,686984.8
3585900190,1071880.9
3996900575,251331.22
8731801260,227125.28
3810000860,349604.72
5700003585,2115450.5
6332000050,514209.03
9286100250,417860.75
9471201110,1045079.7
9290800050,530095.2
7300200400,659440.44
526069024,933499.56
1454600156,905057.56
3904980360,535633.75
2626119062,248644.28
8651730290,417992.7
7611200195,694930.94
1919800260,581509.8
6632900354,261334.14
3972900195,321848.2
5151600170,291264.16
7016000440,442803.0
871000435,874645.25
9578060540,501905.3
2332700060,869217.06
766000240,240524.31
4363700200,316727.72
7100000250,302752.53
2781250560,214636.27
2781250100,368097.8
5419800220,271676.1
7147600245,238269.77
2926069083,963484.8
6189200125,771445.4
9542830160,265285.38
5152200020,281930.97
9412900045,456704.94
6600410480,176248.17
6979970080,510891.3
5636010280,269917.78
1732801300,837167.4
5561401530,434085.06
9578500510,368437.16
7304300906,297386.03
1223089077,643758.94
721049207,261013.94
8691330310,815692.2
1523069204,481338.88
3188100105,651050.9
6608500290,383962.84
2891400410,328648.66
7663700551,341634.47
5413200140,238994.84
425069139,574812.94
6713700155,352498.94
2767603505,505520.4
7789000080,293017.75
9211500620,247236.88
3750604417,151554.75
7922800320,523397.34
1471620240,358727.56
2222059052,349717.78
9551200270,1113083.8
2767603160,566912.0
9406710060,368528.2
8929000250,370190.72
5538300120,384658.34
2223069120,441020.72
1652500060,1793408.1
8564500240,395867.25
3629700120,584585.25
3943600070,403081.8
4171200025,303012.22
2425049063,4290424.0
9828701650,359457.28
3581000340,325844.22
8100900015,391323.28
2125059161,1032719.3
304000380,218633.75
8146200070,1620498.1
686530170,552587.25
2917200645,504487.06
9547200530,772126.8
2122059199,301293.34
1150000740,612534.25
5706200060,294552.06
9265410010,224685.62
4083800555,535172.0
6152900332,357175.5
2520900301,194171.39
9828200790,493834.06
1657530180,282307.75
7471900045,310830.53
9828200460,407943.94
1775900140,416183.25
6139800430,408211.7
7214400005,556511.2
5332200026,502317.12
9510970300,793795.25
2540830020,460453.38
3392100140,180242.6
1326069191,357422.78
2125059112,1185186.4
859000022,322889.8
8854100350,703671.06
121059007,221393.55
7977201707,515929.22
3859900060,2739735.0
8815400735,758655.75
705700530,337949.0
6600780130,355764.88
6378500105,397402.44
8143000310,512274.25
2877102330,650000.8
3526039074,628237.44
2115510300,244800.98
3024059014,2138996.8
2141330360,589258.25
546000400,485185.44
2071500011,429358.62
7972000240,219800.28
7016200460,450873.56
6204200180,431933.5
1552100135,1094880.5
88000173,404972.06
2581900235,733894.25
9211500560,214176.55
621069218,437581.03
1321970240,332118.38
798000630,296285.72
421000285,287489.25
2824600180,796633.0
3832051140,402905.38
1237500105,722835.25
8802400906,256008.73
3166900270,398270.88
3682000060,375514.8
5469700020,268996.2
1245001820,666385.75
9547205660,635510.4
7974700122,714442.44
7550801225,532029.56
1099950050,680479.4
1402900460,307787.2
7636800041,1312167.2
2115720270,269975.4
8651441750,193418.44
3904100035,251049.5
8815400020,588968.56
3303860590,443272.97
5427110040,1112734.8
1782000160,379045.4
6204420290,482048.38
3995700245,305609.62
7955040130,462778.3
1442880650,527282.5
8833510230,898830.3
7283900551,445062.0
4396000180,249923.67
7504021310,700171.2
322059264,266446.62
3654800040,272738.66
2767704777,498157.0
3278602190,356183.16
3236500220,493381.28
3410600100,278897.4
629410180,767548.6
3352402250,180985.75
4363700304,356682.97
7237550130,1298937.2
9808590210,1116738.1
8074200175,268129.06
3463400330,439194.75
6306400140,792802.0
8564950250,522283.56
5381000070,240453.38
9826700697,482570.22
8132700190,429408.03
7943000020,184843.52
9547204675,546515.75
4112100101,461785.4
727500030,706881.5
114101426,373412.44
9274202005,748972.0
1193000380,946645.8
3039000020,471508.94
7852170130,677137.4
2624079010,643003.44
4137010540,312518.97
7576200012,832088.9
1138020020,339698.3
3969300030,209057.28
898000200,210059.02
5153100030,306244.47
5104532030,495979.44
4406000050,216992.36
9274203390,579220.8
8682290360,480457.5
6928600330,242094.27
4139680070,884411.3
6844702690,544746.75
2154970020,1986123.1
4385701285,1128333.6
2426059071,639706.94
2867300160,528026.56
9512500720,551469.44
1773101020,334167.78
8687800100,291573.8
3627800050,1772286.1
1604600227,295897.84
3300701170,386718.38
9250900111,499732.62
7015200790,597270.0
1311100490,231677.81
2469000010,977757.56
1982201596,565480.6
1862700290,330416.2
2586800270,286689.4
9528102772,482852.25
5490210200,423295.78
6669080020,437321.16
179003055,213273.69
1860600535,925692.94
1592000130,599728.4
3905040170,553322.4
9320500080,253274.31
9276200850,535532.9
224069114,661930.7
2260000340,583735.94
5096300130,375854.03
3432500215,371263.66
2600000050,691337.2
8856003839,229130.38
2492200435,385294.38
7855900110,1087820.4
6806100250,352936.12
2770603523,553735.06
1370800515,1652337.2
2726049150,500475.62
1226059161,557282.25
1068000375,2917177.8
9528104109,455872.9
5126310060,567076.8
1951820070,523058.47
1545805980,399186.44
9464700340,852642.4
4319200675,878942.1
7518500885,536942.9
7852020620,498608.44
869700370,371253.84
8643000190,293723.16
8902000267,668789.75
7972602435,252990.69
2050100210,910848.0
6705120540,451762.34
2767601390,659517.0
4141000490,1099739.9
9345400350,780590.94
3222079162,322999.62
7789000120,252211.34
6646200770,714454.3
6666800180,831870.7
1725800280,479105.8
6117500460,893298.06
5470100220,224425.73
5457300478,440525.84
7550800195,556374.0
7787050180,561402.6
6204430250,514624.5
7640400250,528019.6
624110920,806037.5
3629920140,364755.38
7173700518,631941.3
3210200395,223530.42
2473480560,437509.22
2623089141,530784.56
1423800080,238007.36
2076400050,286593.53
3832060120,313216.38
7702600930,410993.1
5101404555,419292.16
3723800415,334092.3
3356403400,220727.27
9214400125,508311.1
1797500530,497616.56
9551201660,1155919.6
3878900815,355468.25
1760650280,334903.2
5466410030,229780.69
6388930620,571108.8
2331300395,813489.4
9412700160,265960.84
871001611,582275.1
3142600120,588470.94
3995700220,383293.1
2310000280,273475.1
8039900400,406539.25
7504021510,651944.6
1959700445,1652513.5
1556200155,611494.06
3629960590,407764.06
259000240,437814.97
662440020,399363.03
3123049142,496372.72
321100260,678324.3
6840701095,611939.94
3738900165,392795.28
4427100130,439358.12
9238500100,474485.47
6145601810,340630.78
2570300090,362531.8
4017600010,552673.5
1005000220,382766.34
1257202120,503499.16
9527000490,486382.38
8691400080,707543.2
1726069084,459333.9
248000240,196433.08
6113400046,340068.97
2130702350,384379.03
920069052,229494.88
6071300160,509638.97
1623049041,157871.92
9268200285,360436.22
1843100520,346161.16
2887700826,579910.56
9122000385,542834.0
9475700220,368968.4
2804600005,755245.2
2896400300,407564.75
5015000180,716477.4
3630220180,814876.9
8832900780,493552.03
1568100300,457603.78
8718500610,395557.84
4147200140,1060269.6
1973700030,1096509.9
8862000075,227479.75
9320990110,291504.7
1151100035,374705.22
2011000010,221612.34
1651500060,1072768.1
446000190,762516.0
2344300220,874155.75
523049195,173234.6
9191200015,621979.75
7942601410,788522.5
7137800300,198976.33
7853300280,525398.4
6654700240,327810.44
569000050,578513.6
3584000180,231416.78
2026079055,343475.97
8898700880,285159.1
5075400150,621557.0
8731981360,342517.44
4222500020,240586.92
7996720050,601518.94
4077800094,633466.5
6446200365,614453.5
2824089053,559731.8
1311800220,229456.19
3522049063,716476.94
1721801280,210273.64
6131600240,196189.39
7202310040,636238.56
1123059125,552786.06
646910160,228720.52
5630500005,367679.6
3342100785,306518.1
9547205610,609095.9
1773100123,289082.06
3353400092,293816.47
217500015,361692.7
3649100031,414966.53
7896300150,263165.28
623049185,242722.88
1773100430,372405.34
1781500220,831112.8
3395380200,211063.61
2424059170,2946159.0
4389200765,1702195.6
1543000060,508713.5
6154900005,591929.25
2902200240,499618.72
1442880640,525742.1
8562770490,553364.94
2768300655,617577.25
3432501315,296796.78
5035300570,816266.94
3626039028,397890.97
3876540780,235626.1
327000100,1145020.5
7551300065,490128.47
1312920060,238425.33
2215901230,266373.8
6306800010,439958.9
2767700022,498544.38
5589900610,513799.44
4320200020,756646.3
5249804655,610475.9
9238500480,480844.62
3885806565,1152842.0
7905200205,448482.47
5727500102,387853.22
3585220070,424071.5
2078500210,519855.6
1839920050,481399.34
534000080,313030.8
856000255,593417.1
4141010110,1614169.4
9558040820,737249.5
7768700315,1100460.1
2796100640,268117.3
1922059010,208157.56
3448000542,239480.78
3883100220,270885.6
7237301210,283422.25
3893100456,884502.6
9578501110,363567.12
6145601995,421431.12
4024100120,284485.12
8899000050,373801.53
3396820010,573333.7
6749700117,373947.12
1954400060,483715.53
3303970100,749056.3
2540850070,474466.8
3797000745,518201.72
7883603700,249196.28
3438501452,413242.47
3530210260,709693.5
3598600049,190261.06
731500170,369788.34
7129304375,151188.0
263000006,399468.97
7212660560,286966.78
1112700010,375308.2
3420069060,767593.4
2473000470,378810.22
8691390980,709144.2
6184700100,435152.97
4476400275,340106.84
2968801240,306956.12
1529300160,420109.75
7640400070,657941.25
7016100380,451218.2
2172000890,440744.7
4035900015,719810.4
9528104660,968452.4
507100005,375664.22
2783100160,405838.62
3629921140,819133.5
1099750610,250142.81
1330300451,1140452.2
2757000030,860304.3
2114700190,304463.2
2050000020,985612.25
3832500790,291721.28
2612000390,326944.62
1483300430,481391.22
8899200720,327493.25
9183700470,277613.1
3530490031,205037.8
7857001225,352231.4
7920100083,429967.94
2254501620,463565.97
3303000130,454998.6
3876200070,459219.66
369000365,369781.94
3052700385,785724.2
7856550240,750215.5
7300410110,365767.94
7201800300,424222.12
1695900060,565290.8
9429500146,902309.8
3629910240,666474.1
8805400090,257285.1
1022069050,240142.47
1138010530,405656.72
7877400266,182910.03
7974200452,952632.75
2126049265,421426.9
9547204350,687617.7
5560000680,161771.81
3793500550,303956.4
4217401195,1085859.9
1826049408,400806.56
3905100210,499188.4
7695370160,527179.9
3210400060,199186.97
6146600170,187773.33
2767601750,459567.06
1773100926,338989.8
5700002125,460425.94
1951100100,237435.27
1402200340,328150.16
8044200200,402295.72
66000070,360385.66
5083100065,166689.97
4027701284,362530.34
5693501100,546566.75
3600072,559392.06
8078550250,335644.06
1922059046,247674.22
2902200016,664480.3
9183700845,151014.97
3333001997,298223.1
1432400525,267956.72
2824059128,478547.7
6453550090,886014.56
6202600070,1297222.0
7524100280,202826.45
3524039224,912702.6
5739601300,537850.3
2473000410,427969.4
421059018,242070.28
4232901120,663735.6
5559600140,283660.25
3797310150,295220.34
7986400265,805825.1
3025300095,2405117.8
7524950830,570008.6
9407100730,237867.56
3812400854,363933.5
6002400030,355586.1
2212200090,313819.12
7202330610,515948.66
7300400170,308794.38
8965000110,440970.4
3996900125,307945.4
2221000100,289353.28
1524079088,394633.5
1133000036,370670.72
1868901190,638735.4
4037200530,482900.25
2095500120,348083.1
1995200338,750691.7
8820902350,724158.44
7459810210,362298.72
9536600010,589314.9
8085400586,1800814.4
7518503065,367434.44
8682320350,628307.1
3179100790,728571.56
9828702666,495184.56
6713700250,509460.94
2141330700,622453.5
7519001990,404661.47
3223069019,307714.12
7994700030,369541.72
2592300450,296598.84
2792000010,420334.28
173000025,381194.4
7203150330,771828.9
3305100210,882146.0
2581300055,849134.2
6613000750,1477944.5
7015200685,678517.75
1323089184,513898.9
3793500510,398949.84
2225079030,356602.47
3578400710,408638.4
8100000090,276328.47
2095500040,302443.4
8682281710,681284.94
6163901380,285840.66
6918720080,681748.5
6914700130,509922.6
1205000215,583580.2
3800008,310963.78
6150200180,298912.6
1223089066,835467.1
7768800290,819461.2
9285800330,849150.5
1974300020,536830.8
7628700050,848747.8
9376301800,764657.1
8651430220,163619.83
629810350,817452.8
5016002180,863795.6
9558010230,335565.97
8732000390,208793.98
7899800586,343934.34
5249802460,398665.47
1446300020,536755.25
7785380150,502368.66
1245500950,706801.75
3362400640,668425.7
7578200310,694802.5
4137020910,302827.78
11520640,722113.3
7972601995,241919.66
8122100160,407714.7
9456200450,330275.47
1328320760,338691.22
4025300285,336233.25
2721600125,1145426.0
1123049027,185001.17
3542300060,217345.25
291310340,506660.62
8651720420,473993.5
3298200790,389601.44
4037200585,458719.28
1329000090,1314704.1
9279700013,1130296.0
4151800265,563223.25
7760400210,243247.38
5029450110,231573.78
9492500160,863147.0
3578400270,429903.0
7606200090,276063.47
3682000050,354230.38
1250200415,326585.66
629811600,665391.06
1839500115,301431.88
1176001293,1573649.9
3013300409,409968.6
7853280370,769714.44
3275780030,600702.44
3336001946,238828.69
5456000110,701831.0
2473250400,283415.9
5393601635,512246.22
8820902905,336870.5
1245001659,700894.56
1523069215,464366.62
930000234,486548.0
4083301645,696721.25
4055700778,593525.3
2781230080,435584.44
3629910210,686480.9
7856700060,707042.1
7589700055,439649.78
3888100043,357982.28
6381501636,368671.4
3303951150,394698.84
8638500170,378562.4
5635100050,406937.72
8820901792,820694.4
5456000025,1143198.2
985001275,141918.12
9560500105,709566.9
1421069117,245633.55
4154300296,334709.53
795000620,128092.7
9828702335,498109.72
1250202145,907519.7
1163400070,228807.88
5652600065,630541.8
1042700050,820355.8
8899210320,374728.97
1651800030,1783658.4
2919201365,714681.0
4365200895,362861.8
6841700100,918557.94
7376300060,398985.53
7852090180,559665.94
9222400565,571585.44
9542400075,915001.56
7338000150,181087.27
4322500110,654964.56
7694200070,457449.56
9321010130,270688.5
3204300455,1326167.2
6706000040,306615.25
1565930130,418292.1
3279000420,222496.11
194000575,494868.97
2115510160,224907.6
7522500005,577220.5
3787000140,482276.22
7852110690,642256.0
5469700260,348878.6
8691410730,776147.06
114100763,280605.4
1257202430,845705.6
7000100635,409426.47
1900000195,185733.94
251500330,1915702.9
7701960210,862438.44
4037000065,511784.62
522059299,229580.81
6072300800,704849.6
6821102358,582793.8
5029450200,211401.56
8860310240,557433.1
826000295,349973.38
9417400110,388776.78
3959400345,758672.3
8899000430,325300.9
7527200030,738015.06
8562720410,1297936.5
1432400335,245296.48
6699940320,370508.78
2525059172,717836.75
7548301044,381602.4
2141300420,840832.94
5100401414,406114.44
7346600092,219560.77
6852700478,479065.6
87000213,248090.47
5416500260,296844.25
322059097,267217.66
7229900005,344146.72
7116000350,153193.28
3739500096,353830.38
6744700900,805197.8
1959700550,1091934.0
5589300435,342573.0
1775920350,322852.2
3750607974,274869.38
5318100935,859739.8
1442700430,467251.2
9346700030,680831.56
1841500050,361178.06
7278100665,377443.28
8635750980,651650.44
6909700340,671714.94
7011201475,794211.0
9348500220,539855.06
3876313170,445349.75
2195700050,866719.3
3760100200,437257.0
3396800120,520161.97
3750603685,240280.05
9828702310,536178.0
8656300380,370003.28
1438000170,553756.0
2423069164,509488.12
2112700845,286999.28
7635801370,474495.38
8572900135,416927.8
7504010590,753002.7
6821100125,489907.78
4310702775,312307.94
2591010180,396757.06
9828700235,714582.75
9376301180,554791.8
1646502355,1126900.8
1498301672,457749.5
7715600070,315944.16
7283900045,482573.16
522069119,521025.84
5200100125,597151.9
826069184,470617.78
3271300155,730683.94
4444800045,657098.5
8682291050,808888.4
2770605420,513740.4
1556200205,505024.62
269000970,1239405.5
9264900880,255206.36
2323059074,243628.95
1224059053,1032777.4
3755500065,417542.84
2571900430,365243.4
3705000070,275047.53
824069173,557296.4
1735800050,154395.2
3025059089,980401.06
6132600655,868969.2
1068000255,1637776.1
3052700921,660150.4
3024089057,283171.1
7390400026,270371.97
1787600224,431619.22
2923049372,309664.16
7015201015,1031344.0
7701990040,850173.3
1925059194,904781.3
301401370,351135.56
1931300955,395994.5
2395710070,393630.3
2591820070,381796.75
7883604065,266346.97
808300200,481828.53
1421069159,516349.94
8562780540,297597.72
2787720300,413782.4
2349300069,291740.4
739000035,177649.25
2397101460,706873.3
7625702437,447081.6
5101406441,527455.75
3323500010,1193455.6
225039082,748343.9
8078100260,364661.44
4139480200,1409009.8
7436300160,522407.44
822039004,651701.8
8651442910,247661.88
1370803510,707542.4
3342100569,714186.8
1310430400,514336.94
104540820,232918.97
4305500030,592063.8
993000090,904258.25
8044050040,479778.03
5707500050,650968.6
6306800080,372295.44
9206700190,783623.0
8732040090,297372.16
3037200045,432007.1
438000025,583862.44
239000115,350963.38
8929000230,532725.1
7135520610,1143919.2
5561300340,552982.5
9530100085,737965.3
6613000140,1473883.2
8835210130,322699.47
3782400190,333835.97
379000051,280195.38
3869900150,329788.47
4322200050,436348.4
8961980290,760221.4
2558670110,424542.8
1124000010,413192.62
3869900138,454439.38
7853300720,506845.06
251300110,298243.75
3904100041,280005.44
7701990300,828892.8
8682231190,594384.75
7888200240,264211.94
2025700730,296697.78
3066410800,686964.25
7576200040,742331.94
2526069095,1022117.5
2781270530,213372.95
3763300005,474021.62
1523049083,203406.02
923049468,186571.3
3303700221,617130.6
1502400140,228411.19
2880100160,935702.56
4083304535,873928.25
8820902549,518537.2
4139400060,886855.2
1222069094,356275.6
9367200205,602539.1
2734100736,294356.16
3856904580,651816.3
3812400789,329465.78
3303980090,960688.94
1314300018,305220.7
9522400350,517347.7
7524350080,333988.22
9406520260,325638.2
3278602040,399947.53
7696620100,279876.56
3751600635,220731.12
6365900065,383244.62
8732800100,244294.69
3876540410,238239.89
7349660050,273481.84
1036700220,593855.94
5417600200,325538.16
8732020310,259958.25
6844703240,878709.3
923059206,364116.6
4038700220,573678.9
2597520900,690049.6
7203230040,1000453.7
8820903560,311479.75
424069112,741842.44
6056100102,518195.62
1823069155,501524.22
9412400220,2938801.8
6851700381,1201330.4
13001215,284552.12
3630180340,751804.75
6746701090,562003.94
3832050760,309701.28
369000690,465090.0
6071900130,578486.8
7266200085,626388.4
1473120390,440969.8
9523100458,568526.5
4345000510,268713.44
6600220090,452711.6
8079040320,398358.94
1357900060,466113.84
3996900295,303223.7
1442700250,475531.3
5021900175,589396.7
4365700130,335394.25
3876100320,573472.9
2124069103,415915.03
6700400140,268666.72
7852090810,535254.9
1454600038,976881.2
4137000250,308034.22
9826700726,513756.34
6716700325,424112.12
8562750300,602273.1
9315600050,1920859.6
2790410250,647308.3
7732410130,740755.0
1387301730,343852.84
1568100220,339495.47
3975400085,853895.2
339600110,472838.38
7888400500,242428.34
1842390130,704253.9
7595700025,355240.3
2158900140,763044.7
6151800070,345267.03
9294300515,716358.7
1250202660,838663.4
9106000005,1110245.9
5035300085,729443.4
8898700440,277144.9
723049197,198570.42
2019200220,262283.2
2926049408,663875.75
4233600190,1050988.4
9268851860,412222.56
5458800620,630413.1
424069096,439984.06
8150100265,211295.92
2742100085,392652.28
8045600130,375787.16
8039900086,267040.5
4131500190,327262.66
1370802650,731764.25
821049149,250394.42
5104520460,380465.47
5466750140,276045.66
1703900155,315456.16
8658303065,335302.12
3298720030,442433.56
1839900080,314721.4
1561600025,771417.1
6064800410,310913.88
621069102,236495.14
7853360620,414042.84
9385200045,655537.9
7214770020,653547.6
5412300100,260995.14
2025701360,273533.8
7334602070,312663.06
8029200190,197621.56
2622049052,562300.0
3126049261,374291.5
4443800705,494043.25
2473420100,284535.2
7922710520,572785.0
3336001911,262328.88
3797000300,448155.12
5406500480,642678.1
6706600090,447449.0
1518000230,334266.47
1250202990,827057.6
6441800060,812544.94
2141500070,457920.2
9407101900,263001.06
5451300117,1989621.5
326069132,463278.94
7153400100,234610.06
3083000910,468334.0
3021059304,308961.3
2597530650,761729.4
3972900215,319814.44
2473420070,275041.1
6115400008,507122.6
8682220230,782444.3
642150080,579641.6
3775300030,308179.03
5418200340,676214.2
2424059119,1005081.06
7899800476,288896.84
8598200070,248357.22
2421059125,478472.06
9528102771,532327.25
7522500020,637075.9
7202340720,614920.44
3286800260,583229.94
1121059105,482904.88
7504030220,632097.3
4045100190,1751245.4
9406530090,359110.06
7138000260,234746.7
2600010390,678173.1
2917200365,431181.62
2191600780,181475.6
7784000180,471278.5
6149700194,313783.25
8082400136,808370.4
7202340930,630576.8
1972200556,595754.6
2767604170,600313.4
3271301175,561841.44
3223059303,536110.4
7598100735,1036900.0
3348401490,275528.0
1545803390,266009.8
2296700050,518739.1
3626500045,753672.1
1596600060,266629.53
3616600250,1326131.9
8078560140,299365.66
1796360350,312164.28
2770601763,544352.25
3223069118,650719.2
2473372040,339369.66
3575302759,430512.28
5706200170,490850.25
1774000030,478708.84
2224700136,328746.84
1250200418,342701.16
5416500840,405704.22
7335400345,136626.62
3776300010,985347.56
8857320130,525485.7
424069206,752078.0
3592500985,1184503.6
9828701295,319307.6
2621750340,272903.1
7334401000,261835.64
3286800110,574521.44
1722069097,525938.4
3574770030,537357.5
1336300610,1349554.0
7230900100,351630.28
6141100320,371535.38
2767602356,692460.1
476000017,514004.6
2558600100,429527.0
3500100015,270671.56
4074300150,472607.53
8907500070,5337361.5
4388000260,200678.7
2475900850,266867.2
7852010900,559372.56
318500300,662379.0
9200000050,168726.0
1026069106,478850.3
205000120,673186.7
2616800600,916462.94
921049141,736984.5
2023069059,712278.06
7229900145,423454.12
4376800010,544889.5
4389201095,2763833.0
826069127,513012.1
2310000250,280060.8
4058801225,328453.97
6600220550,451260.53
3585300194,1413069.1
2594200375,438699.34
1102000514,805670.44
1862400471,417531.56
6928000440,293955.28
9578060470,493501.12
8732020670,286001.94
1823069088,306417.6
8712100350,1142238.0
3420069055,385209.94
4229900140,262171.2
8682280490,440852.66
3830630310,291448.3
5100400251,358666.03
1737100830,618848.8
1630700276,461568.28
6326000205,405197.06
3426049284,3018047.0
3814900260,413727.1
7403200050,1778021.6
1725059252,779980.2
8899200570,324862.72
4137000700,279590.1
1115300270,785192.94
3904920380,617129.9
2695600195,356891.16
9542100135,725236.2
1552510160,413922.0
1823059241,648955.2
2193320450,598324.4
1122069006,569323.75
7853340330,390574.88
1954420380,504196.72
7299600530,287090.44
1760650670,276727.97
6819100080,532339.25
2767704649,457871.88
2424059035,892988.9
1566100400,351870.03
5255690060,507088.22
8860500130,409258.7
7349650120,314477.28
3291800670,477303.1
3764650010,511558.56
5416500950,417717.06
7973202712,199740.11
3291800120,243396.27
9211500620,232779.38
8643200020,378022.5
9197100101,230566.95
3531900060,295894.34
8842400071,399347.0
6844701680,509173.06
6413600285,441921.12
5196410260,1038250.75
824069121,694831.5
3876313120,429988.84
269000030,937062.75
1560930070,693410.0
4435000705,205957.56
9542400025,852308.7
2470200020,1791571.0
7519000580,524758.9
1226059101,553188.6
4449800063,417569.6
2815600305,782356.5
3821200050,181583.39
2644900110,338863.03
8058500005,433229.28
1099760230,212672.75
1954430180,506313.7
7853360480,468302.34
7229100040,328972.16
1432400120,233150.86
1898200080,362376.8
4054520100,885523.56
2568200140,778676.94
587550010,652451.9
4154303215,753043.9
6358900070,1015655.25
3277801640,438383.12
6209000165,322256.16
6143000020,269756.56
2591780180,379533.06
5412400170,260506.42
5466350120,251236.47
2877104196,666422.0
3222059007,269635.16
7957600025,249617.23
2698200210,267269.9
3764500230,604332.4
414100630,353027.78
8029740060,339504.28
1426049054,369987.75
546001060,730743.7
3277801417,415293.03
3630120970,812791.56
2326059080,1040055.9
3278612370,363428.75
4024700100,309090.34
7697870860,226186.12
8562900240,712062.94
4059400585,205831.48
5703000050,478320.66
7701990560,840976.3
1760650610,323593.47
5408100035,467820.34
1370800560,1378191.0
2880100240,510566.9
3630060150,515715.84
6071700020,533023.8
2473002500,449845.44
2768300650,507996.94
3523089019,710554.3
2787250190,525212.75
9477940440,472888.62
8732030440,276596.78
236500050,303164.1
993000100,801965.75
5466700360,245090.61
7203220300,926562.94
8682292180,436141.28
5209200010,487362.94
7853360990,405371.66
8663310010,417095.0
2313900165,523812.1
6114600030,605720.56
3303990030,784511.0
6679000960,343797.1
8161000230,572395.56
9510860060,668673.5
1223089083,758972.3
2721049059,290457.28
2523039278,268267.62
9826700707,452993.75
2159900120,469787.2
2767600635,679281.25
3812400455,311541.56
7852030960,394398.66
319500080,672098.25
1061500360,317406.94
1787600209,394912.84
7888700030,483706.47
3623500260,1120120.5
4219400520,1393489.9
518500460,2571634.2
2500600297,269075.66
7283900010,276549.2
9225900055,300810.8
4036800925,412827.56
7967900150,386975.2
1782000130,418451.62
3163600015,147150.16
254000075,350753.47
1424059022,1050325.0
2768200090,757145.1
4319200505,512748.88
1592000780,631393.9
1687910100,585553.4
5200100115,588124.7
3751600176,198779.27
5608010650,930026.44
2051200506,345907.84
2781280310,289317.28
1023059190,270297.22
2787310130,295294.34
4358700100,420319.53
3121069036,532040.0
1959700225,690603.7
3205500230,355947.53
7974200937,479172.72
6819100111,985154.0
6146600175,207993.97
1525069095,841468.5
1231000510,395526.28
4122700040,891823.06
2426039314,270617.6
2013200390,236028.4
1854900330,721197.25
1923300135,610110.8
582000135,550834.6
587800130,280566.88
7840800135,209935.11
6116500366,396406.16
6392002635,656987.75
5361700020,350450.94
106000395,405142.62
7199330390,367225.1
2484700155,665362.56
4038300070,446342.7
9407101850,309247.5
293610040,674392.56
7202360760,823312.06
5608010750,1170120.4
7236500025,323995.38
9144300120,336463.38
1454100267,461820.34
1377800135,690954.6
7967700570,235314.95
1562100220,624654.94
2923039243,447235.6
868002080,760880.5
7137960460,263009.38
1023089096,300342.6
3262300818,2144841.2
8563050110,543739.1
7137300245,450889.56
4365200630,388459.44
4100500070,1873850.1
3821400200,259864.78
5379803386,234185.12
4237901075,619036.9
8118600155,344914.3
8946780080,892118.25
1428000970,415147.12
7011201004,669965.9
2799800180,356774.6
522059130,271572.3
4315701163,628438.6
3649100387,455533.25
2125410210,464847.56
3224900130,206991.44
6798100661,305269.56
3626039325,776571.8
8730000270,354230.94
6065301040,817051.56
1665400165,220075.81
2203500140,443456.9
4058800875,336945.84
5076700025,455470.28
7853420110,607815.2
7818700480,261127.44
8658303080,347822.53
3187600100,570159.75
4077800518,349978.28
2470100110,5131273.5
3451000206,305576.34
1843200350,143736.97
7904700126,389242.66
9430000070,270263.66
6003500749,606389.06
7701990700,843949.5
1310820150,349261.97
3975400190,616598.94
4100000050,646846.5
7202270700,567890.75
7370600020,695581.06
126059225,439103.34
106000015,406919.84
4458800060,1001980.9
8944290090,226188.92
8682250330,630352.4
9834200390,504660.9
3275880100,728355.44
7227501190,291743.16
1796100010,664318.7
3831200210,280530.1
2521039066,259621.67
7701800050,428259.9
3904960910,665122.8
5647900670,269596.53
7234600796,479317.88
3021059244,224244.31
7787400030,1740421.6
2051200436,586849.0
8820901415,326989.22
3523069047,887190.06
9194101388,461965.2
7277100610,380807.88
9471200370,2083706.2
2767800140,702889.9
3629870110,569509.56
9136102057,621396.9
8648900060,532726.4
3678900110,410587.25
2767600150,477985.22
1972201511,666134.1
6055000430,496142.4
6624030050,400792.47
2215450150,325331.2
2767603824,444361.28
3585900460,816306.25
2922069134,409625.88
9267200062,356780.22
7228500425,513314.97
1089000190,844818.0
3359500960,529243.1
5152100160,402487.53
7230300060,324420.5
2423059067,505129.25
8016250060,244056.98
2524059267,1067874.9
1438000440,510492.1
3326069026,659768.1
9353300600,293375.94
8691410060,725602.9
6332940070,502455.28
1310980110,291001.72
7428000120,202198.25
3626079040,693165.6
2722049077,308016.2
984220290,296338.5
5347200160,264312.34
4154303655,496877.0
2953000250,260567.47
9523102447,699548.56
5104511840,411341.16
3448740250,451051.06
4219400290,1041919.9
5152100060,504611.56
3279000460,199396.33
1102001274,1031813.1
1251200155,1308213.9
2025700740,268026.84
3820350050,334894.7
1245000438,811646.7
7853230200,471212.22
3832200070,255234.8
2926049400,442130.34
1246700251,871812.6
6372000155,554845.3
7950300670,364235.22
7518504130,586898.5
9286100200,401117.3
3992700585,435024.84
7234600786,807857.06
5476800069,372869.03
1126059201,1331725.9
9527000090,524421.6
402000115,294958.66
8818400450,1033883.0
2475900840,302425.44
1437500015,207559.39
2848700095,529896.25
1529300135,332063.7
2597520090,723786.06
7812801125,237829.16
3343903647,407408.1
1951600250,158468.73
9542840590,271105.06
8081010040,1194092.2
3262301355,1549800.0
1861400068,448748.0
3295900490,442633.75
4345000440,240150.75
4219400465,1085759.4
3797700030,274248.44
3204300860,755185.25
1930301555,552791.9
8807300130,323662.0
4391600035,271664.62
5021900140,1507698.4
2946000590,252944.06
686400210,522372.47
3365900462,241803.52
8682262170,406958.03
7312400325,368166.53
3760100100,384517.78
3579000410,462984.06
1773100755,473493.44
7129300175,332393.7
6303400965,206289.11
1328320440,321734.53
3686900025,260693.64
1221039066,431449.44
7950304095,370207.25
3585900785,932066.94
9455200329,546509.2
629410130,828676.25
1994200375,590498.06
6669200370,998582.4
7262200150,235824.73
7504010750,569070.2
5253300173,287259.56
3395040200,274927.56
322069109,334531.66
4054510270,1043005.6
1710400005,531744.75
8644300170,671710.06
2450000290,989335.8
6102400166,687073.0
1934800087,426584.97
3333000775,253903.28
5393600509,296142.34
621069039,325510.3
3343903611,668762.4
2954400020,1149349.4
7972000010,220096.6
7214810510,481681.72
5561300540,461562.5
2634500070,410832.34
6822100310,708113.1
9201000100,795005.06
1072100085,323170.06
6190701146,430577.8
3277800845,228339.5
112900020,325519.12
1324059048,650014.4
7979900126,369341.22
7199330370,442866.78
6381500720,413539.84
8078550190,310472.12
7853440140,705495.9
6300000396,343755.9
3374500250,391646.12
3343901188,269813.5
6979900010,855114.94
7199340320,572371.3
1112000125,333760.44
9269200150,313344.56
5104510210,281340.78
925059219,608818.44
100600320,189557.66
1789900080,256032.4
2123049142,322794.56
2459900040,555717.9
3902300450,531158.56
7250000065,343550.56
7823700005,313929.53
3750605247,214591.42
2771601730,554443.94
3298600440,395132.0
9141100005,498447.94
8682262190,428395.56
9407111250,219451.9
1336800010,1650577.2
2255500060,567201.6
7950302345,302137.16
8658303585,270741.78
9184700600,1074607.2
8068000440,308394.44
1310000130,326409.8
7853221330,750952.9
1222029077,301904.78
8562891100,331724.0
2517000260,351356.3
2225300149,331354.28
8651410330,209290.66
2413910050,542656.2
9407100720,263961.1
2112700920,323253.75
3761700251,970161.25
1036400100,632618.6
3585300365,659550.7
8562750060,863099.56
2719100042,536078.5
952007055,396992.47
925049318,580057.2
7203220260,977450.25
9320990140,312205.62
8567450140,483887.72
5379800810,162206.0
7784000100,544833.06
3992700475,391777.06
7905380280,410561.28
943100683,408645.1
8029770470,565041.4
2818600060,1042432.5
1226039124,447622.7
726049184,234126.4
795001930,245848.84
339350150,742643.9
1332700270,281095.97
7548300170,561437.1
6141100330,407546.97
647100096,761886.44
6744700423,459442.62
2895800750,330488.47
4046600220,362158.66
8809200070,414612.8
293700110,813197.6
4178500440,254596.83
4358700164,283807.3
9197100263,251034.75
2426039313,288168.8
9468200163,631229.06
475000190,501262.44
7504180170,427079.53
4036800170,454211.0
2561330040,475378.97
4123400340,524650.9
524069115,819675.56
4047200850,347671.62
8651440230,229107.38
3905030140,557463.5
510000641,675885.0
8663370020,419702.88
2883200760,692446.9
1980200384,766649.6
9468200140,483499.16
1796370150,285594.47
9238900085,580932.1
9191201325,604460.4
2538400060,1007682.6
3758900037,1001886.0
2472920800,445372.22
321030150,339609.53
2571910100,310480.06
1423910670,309158.7
1118500030,812115.44
1939000010,653416.6
1776460190,454113.22
7504400290,626629.9
3448700070,403620.62
7518501025,589882.75
923059252,525856.3
1431700210,252800.28
8635760480,563754.94
9175600025,1435815.6
7922720250,561277.8
8944360390,526454.94
8948500065,222469.7
8669160310,279767.03
6117502745,462963.0
1789800020,373179.88
226039186,292287.12
6457000080,277516.12
9557300080,544719.25
8562790480,666923.0
6430500008,552770.56
1604590230,813552.94
9542850290,747098.7
7831800395,254142.3
3317500030,1209967.0
624101110,755836.44
3654200039,372103.88
7856000150,833739.0
4338800685,287509.94
3211230300,384739.97
3904910650,595899.8
3598600088,240451.47
3796000400,346169.84
7972601280,507206.16
1450300050,256107.81
7504050090,737154.75
9202650130,546573.0
2419600075,350473.25
1224049005,827328.8
7129303240,318367.6
1922059135,249852.48
7852020250,679245.3
4139910180,1559358.5
4222300040,287893.38
1024069027,958778.5
8944600620,519794.12
5040800060,813684.6
1036400200,678701.2
7899800915,270917.44
3325069025,506792.75
9408300310,628794.94
1773100604,332356.75
5451100490,880257.5
9536602080,172039.0
9828702055,371129.1
3362401758,475138.47
476000333,478241.3
4364700730,324533.62
5559200020,251745.9
7522600110,239069.53
104510440,238652.4
8820901275,545544.2
3298700125,241983.38
323089172,396297.44
5364200477,601993.1
2222900082,370807.34
6641800020,622501.75
9358001422,329468.84
3438501150,335106.06
2206500430,503947.72
9272201318,594428.0
585000095,604267.25
7708210050,534973.4
9407000840,270584.0
4027701265,519377.9
8644210050,765747.25
8656800020,362628.72
3329520170,208505.83
5104520720,322983.97
3806000005,185411.12
2330000015,794708.2
1447600410,235292.86
8641500252,425542.62
6084600420,283921.44
441000115,454745.75
2597490030,697215.6
650000030,779465.2
3585210200,400790.78
5416501030,408838.03
5406500170,655786.75
2916200065,425931.8
3330501975,484397.97
1774220070,558521.94
8731730710,220691.22
7861500150,431342.62
1402630190,414474.1
9117000230,290204.34
7133300380,690524.7
4232400470,659803.3
1773100972,313543.62
9413400165,274040.88
7658600025,457725.22
6909700040,996164.4
1402900380,281349.94
6625910100,504528.62
3204900010,621357.5
5162100820,325628.34
5560000480,149753.72
1704900303,511810.03
8084900170,1731788.9
2887700091,668155.6
4331400190,290708.12
3762900130,400458.62
52000067,603635.3
5430300120,840777.06
8956000460,643519.8
8856950310,258084.3
3364900156,304994.84
9310300211,278612.47
6448000020,1443694.2
123039570,374448.44
7600065,547146.7
3123039171,528709.06
8964800445,1752811.2
7857000732,379581.4
7525410090,554954.56
9541600350,729721.94
3186600515,754983.3
4123820450,312589.38
2505500030,1047237.4
1541700240,310817.84
6629300120,330716.2
7399800150,478461.75
9517200180,334657.44
1313300340,501123.66
7967650010,380116.9
8807810090,367246.22
8815400670,832370.06
2310030500,295874.9
2241700075,288079.88
2287400030,304283.03
2827100075,261516.28
1310700390,296155.22
5498100010,442715.94
723000114,1436084.0
6431000987,478351.4
3356407665,216342.97
7852110050,540609.3
8677900123,431509.8
1917300260,226166.31
3396800280,552946.44
8691420050,856136.7
9368700006,280862.84
339600290,425515.97
1592000250,616923.2
1471701780,339783.9
8928100205,672048.0
5029450100,214671.58
5493110080,2428341.2
7883603750,298852.53
1732800175,819781.8
1518000290,339164.8
8604900017,521436.16
5379805160,237011.11
1254200835,579164.3
3179100482,458991.6
3313600266,173122.66
976000879,721105.3
8819900220,667341.3
2130701535,276481.56
1176001124,591074.7
7893805650,290195.75
3885806840,847295.4
3625600190,1373815.0
8562790150,835908.6
7348200115,204714.83
955000453,506364.8
6817810310,394144.94
4040400340,445261.12
1644500050,791779.5
8029500100,333190.7
5244801230,704429.4
1115100119,343200.34
9542400010,884346.56
423059387,588718.1
4023500990,246546.94
7899800857,252323.53
2976800796,196300.81
1074100020,294767.9
446000010,580772.5
7942601200,429607.06
3575305495,773599.94
8691310040,773185.44
6117500430,682282.3
3924500130,531273.6
2028701075,494969.16
4330600360,231081.0
1324079082,438695.3
9268200484,703620.44
9828701605,565435.06
7518506715,1033464.2
5315100277,1157101.6
3942900115,371719.56
1561930020,477480.12
9510970090,596368.94
6163900821,337389.62
9510300220,563789.7
3869900146,290638.56
9262800208,693720.06
2522029039,526929.06
6865200095,702429.3
3782760040,502316.8
4237901250,604612.7
2891000610,232641.45
2749600095,513155.56
5422810010,362187.38
3629980350,782455.25
2459500070,300782.62
5113400364,690145.75
7533800885,735897.2
629410190,765850.94
8651431100,191868.05
7960100050,550886.0
1842200040,431461.78
425200205,273638.78
9477201470,383943.12
7905200365,562099.25
6381500635,301197.44
6052400175,369158.22
1236300268,475979.97
6072800265,1799468.5
3423049311,254062.69
3755100540,366247.88
7852150120,428710.16
4180300050,403916.44
7625701935,305654.9
7132300550,489317.25
3025059093,3437759.0
8161000220,438500.97
7852011020,585225.5
2599200160,348122.6
5536500020,541365.2
2095600150,290649.4
8910500226,394584.53
1681400010,765655.94
1424069110,691118.75
5127001620,284017.12
7940710070,411732.62
2413300980,286900.0
7853400250,688310.06
9542801310,286979.03
1890000169,505988.34
2720000120,282485.62
9424400105,491700.6
7888780090,266522.72
3501100280,354721.5
3905100220,549878.6
723000150,1088340.6
8691310980,730670.25
2297400250,475107.66
2892600056,234613.69
5273200080,518253.84
5145100460,466699.34
5561401260,581308.7
7732650040,965663.94
7504101280,892945.94
8581400345,273094.75
7129302800,417552.3
9551201560,598017.7
1546600020,634108.3
2648000071,269400.4
3339900640,228166.77
7853301240,432939.2
943100262,286008.47
7202430150,850795.44
3558000120,332698.0
3890600150,482351.12
7452500315,287679.78
7173700591,654171.0
438000015,636600.0
928000020,381222.75
3830700010,386303.1
3845100640,377341.9
6675500112,385722.72
1773100920,338137.78
9485940330,430790.06
5561000600,456399.62
1786830090,603856.56
2011000020,245590.75
8024200681,387380.2
5452301810,1848242.1
5515600075,279979.56
357000135,1182456.0
2541100010,570493.3
1090000036,571555.06
3459100300,412293.2
2450000295,1050138.8
162500015,381618.1
2592210290,805708.6
5101405265,535817.6
1122069019,687365.94
7501000220,873435.9
1310900140,329468.3
3298700941,215319.22
1972200382,449009.62
5100402764,508019.25
2623069069,695813.2
6372000280,532913.7
4305600240,502614.38
2767602094,516430.5
2500600289,184757.84
7203160090,829390.25
3521069146,523259.34
824059321,1467231.0
9348700610,804904.3
7228501745,505983.94
6021503656,446794.6
5437400630,574101.44
2207100740,419950.5
7202000220,438164.2
629811340,743143.2
1324079029,363294.44
418000010,210432.67
6303400290,210326.39
4139910030,1272555.9
3023039066,372765.56
8698600395,211761.25
2799800710,365569.12
7351200050,996008.2
8564860270,487639.3
2591830020,406536.34
4139420430,1490692.5
9828201725,511064.8
2420069604,264424.94
7224000315,211661.47
3861470120,1938206.8
3222069151,257668.8
3869900155,361996.72
123039346,317754.25
305010050,642980.75
2141340040,635725.6
7504021310,699245.94
2436700315,565655.4
8732750100,344306.3
3298201290,378190.75
9241900150,1015675.06
1180005220,245126.3
5540000050,301490.97
9211520400,261138.58
2623029078,442715.72
7132300695,448875.6
6430500219,425269.5
6084200100,353112.06
7140200280,290237.16
3904910610,665761.25
7625701900,457780.28
9432900560,300890.6
1388600110,219387.23
9126101201,324204.5
4224100030,387522.28
1109000390,562421.2
3336000296,246833.06
7504100590,791945.8
2025701060,249026.55
7527410080,612556.3
7304301045,289449.44
2591840050,462209.5
2767602490,444460.72
5494000040,1189999.5
2473251090,260381.27
3825500080,543142.56
2309710150,318950.94
8901001335,675135.75
1781500435,485633.16
8835220200,321018.4
4037500335,498667.62
1338300180,1849864.0
7968000120,245474.5
686050100,910424.2
1180008315,229602.83
1657300280,410528.88
7856600170,739607.6
4154303125,648269.1
3295730050,592418.2
1777500090,664572.3
203600470,655001.3
6673050020,436604.3
8731980680,249204.89
2273600260,569978.6
1000102,295851.5
4197400005,562755.7
3378100100,275131.12
7856620210,742171.75
9275700765,886367.94
1246700136,381511.7
4239400740,145472.92
3306300630,203871.0
2524049056,937342.3
2023049245,250854.16
3210400340,257630.98
2621760350,325332.53
526059183,416797.22
8078460050,668585.56
7504110050,646104.3
3876312840,368886.62
9268850350,331710.1
8085400490,1099681.9
2722059185,462048.3
3644100101,350068.28
1321700030,613718.06
5608000630,1336717.2
825059349,1457512.8
6083000071,201442.03
9164100105,566223.7
1425059145,398714.06
5210200184,548951.75
9477201370,443337.25
2927600630,883287.5
2619920170,821912.0
1560930450,543729.0
2896000510,586190.6
3034200067,618260.94
4025300360,400431.3
3362401295,533293.56
2391600555,384153.5
7550801170,490846.84
5347200175,290690.12
8910500471,409619.0
7199340560,466922.2
9266700175,390757.6
808300270,445715.34
2487200875,482195.03
8728100781,377428.62
5379804888,281843.9
6619510060,474068.5
5416500680,436037.84
1862400087,471086.53
2126049277,404070.28
4137000070,394557.94
8081500060,2134105.5
686800065,917720.44
5561100180,546108.06
798000342,282867.1
5603700095,537667.75
7151700585,1401112.9
8129700565,602764.7
2782100260,661346.25
7011201106,417692.3
2423069084,563183.44
8141300300,308001.66
6601200040,285000.6
290200230,643043.06
1423900220,247205.62
7303200450,238239.44
3755100220,357237.03
796000235,230217.36
7237501040,1179440.5
7203220400,945486.75
9285800275,892469.06
2061100435,496800.28
6414100025,555579.56
5317100750,2382557.0
6145601000,447528.9
5634500775,429187.72
7375300160,557118.5
9558050360,527869.6
4151800420,530574.2
3751600146,147312.11
5302400080,565936.5
357000005,591753.3
7283900306,469075.06
3738900105,314669.66
6822100305,626749.9
7436000205,548706.3
3295730040,572155.2
1526300015,381045.38
3294700101,279467.6
8864000970,228406.55
5469502700,347748.4
8078520310,261699.39
6154900130,297950.44
8945200830,192838.47
1085623630,404811.06
4013800131,229521.25
2287000010,710123.3
546000930,643478.0
4051100390,223393.95
7203100120,665802.6
7523850150,297408.03
3826000665,275489.22
1311800560,260958.7
2877102180,509773.1
3221059044,822286.8
9169600110,579358.06
9510920040,776178.4
8813400155,784642.25
3896100130,1255782.5
2568200740,731170.8
1217000340,291944.97
6430500086,462325.34
5634500234,676162.25
825049073,481681.0
2391601445,1105599.1
7881500330,516742.9
1721801591,100906.9
2473390710,301259.75
5634500891,342474.56
5515600163,499860.84
2560805630,235544.05
8078350280,575319.8
9477201060,404731.34
8827901350,831424.75
3560800040,414796.9
3034200370,506466.88
1328300040,331102.56
2483200010,693254.3
6071800480,379707.7
6200017,207938.11
8149600065,929205.25
3362400615,469321.28
7518502945,511475.25
8001210120,257528.33
8682280340,514821.75
3623500408,2103172.2
3764650070,437728.72
7937600380,332594.84
923000580,699901.2
217500005,424519.66
5419800510,258140.06
8562901250,534326.44
2212200100,371395.3
2310100240,371586.5
8582010240,648388.6
8651410670,190173.19
3330501645,277593.97
8113101232,390671.9
7849202190,274381.0
1864700300,314458.34
5231000060,300596.3
1565900070,242642.14
7555220140,704946.0
7518505160,401640.78
3322049005,581298.75
808300550,443364.88
66000265,382694.6
2880100675,373580.9
1524079156,417444.97
3625700010,1593451.9
3259400024,343134.1
3205000310,348973.62
807800190,301449.7
2783600210,454570.2
9290870040,768189.2
2561360120,425788.6
8857100180,442471.44
4388000070,254102.64
3860900003,875850.94
1176001119,589154.56
6084600330,225937.73
7985000100,231808.34
8026200080,380984.53
3210600010,775201.94
7558300170,559308.44
7852180340,412937.72
524069011,700930.8
3361401011,142855.56
6117502455,248982.7
5602000025,223012.97
4142450490,314257.2
5306100255,353513.16
1795900120,586820.3
1193000280,931100.8
9238480120,553420.25
3630200780,901656.7
1250201130,457013.0
7796000095,1333209.5
8635760040,509796.25
9476700135,266491.94
5249804510,528554.94
40000553,245222.03
3204300625,738977.7
2596400050,404339.38
2724069103,414173.06
3744000040,447444.22
7525100590,450272.0
3705900292,435995.22
6169900790,1582110.8
8127700735,1014130.44
3761700067,1124799.1
6065300570,859339.1
4022902050,501069.72
3886902590,514296.16
4107100190,2392802.8
2909300150,674667.5
384000135,467813.7
1005000036,418709.7
8856970530,316489.88
3448900320,597177.44
6713700100,393465.84
2260300060,2291241.8
7273100026,706055.5
1277000020,899558.6
2620069113,360114.78
4166800080,341978.78
8731902680,262602.78
2599200830,219427.44
7569500010,703874.1
1825069031,732351.1
4443801495,575121.6
7805450110,711605.1
3345700207,547337.94
1560920450,965685.3
3629950010,450567.84
3782100035,270428.44
5561400340,700913.94
1898310110,286097.12
2122039094,669124.3
631000040,612064.6
293000145,389153.4
8121100015,451426.5
3205200430,385656.6
2475900565,319830.6
1651500040,2053226.1
3955900500,405747.2
7907600100,269671.56
3123039136,380445.3
3972900735,258980.7
1424059130,473504.62
6792200282,260801.95
910000104,245158.44
3751600784,341013.78
946000295,420694.34
7749500070,377835.06
255550070,335421.66
5151600340,292088.38
5415300060,500689.6
287000110,580239.2
7585000110,194544.97
8121200460,496951.16
6891100090,864640.5
7575600100,295581.75
4240400140,610982.25
4046500510,323104.25
2944010240,1102517.5
3449820380,598367.8
7203102140,355616.88
8665900291,544369.94
1775930010,402561.53
1118001631,1334657.0
8911000445,324346.38
117000100,603589.5
9284800085,541965.06
2795000080,509521.16
123039207,322246.12
1312200080,223860.23
1236300290,1243093.9
7549800168,465636.78
6891100260,840196.44
6072000910,542004.94
3226049184,429517.12
1442880320,507399.97
23500190,568268.5
6021502070,577966.6
4168000110,280530.8
792000006,158480.11
9558200210,210144.97
3840700757,661223.44
3876311650,522284.0
1328320800,314107.47
5006000170,259030.66
7575600430,271306.16
7686202580,218490.77
2524069097,1967687.4
4292300024,393200.9
2726049071,366545.97
3526039019,799832.0
3300701365,429274.22
1274500170,207878.8
7282300095,276125.6
8562740440,685330.06
3761100045,2611309.0
2877104265,961007.9
7940710100,521792.34
6071000030,770651.75
6448000100,1579540.6
2923500230,2561727.8
6751300375,397013.34
7214810350,442590.84
1088800470,559357.44
7129300420,251366.25
6149700405,307018.12
9521100855,489938.75
1861400116,685245.7
2787460720,251941.06
6073240060,643271.94
291310100,445250.22
1247100035,1050030.9
2626069030,2390856.8
1326059085,575922.2
6447300265,4240764.0
8651401270,177070.78
3524039209,987999.7
3226069049,1038531.8
7548300425,428307.1
1438000360,496428.16
1777600900,720546.56
5244800695,486787.06
3387900390,264798.84
1954700615,1199899.8
1026049036,302247.6
1683500180,246396.31
1939130420,640334.1
2021200530,1021293.25
993002325,438747.72
2780900220,293351.75
2540800390,438386.3
2919700540,674067.1
2787250090,506039.8
8651442520,276251.4
100600860,194065.25
1437580480,946973.3
3886902505,610169.94
173000140,416950.8
5151800045,541807.4
3010300240,548852.4
2085200261,284224.66
1839500065,268883.34
1049010300,391619.3
1328340540,303810.78
8887001625,452504.25
5332200320,689185.8
7137960030,272313.38
5468780250,320479.47
2436200715,599165.9
5137800030,323633.78
1068000520,1212133.6
5379805121,391034.75
7445000105,424050.84
7942601895,705846.5
1727850350,1023700.6
9407150310,297112.4
5569620550,714913.9
3179100480,473560.38
3624039111,309611.72
7844200050,303223.03
3304040020,366929.5
7739100155,651737.9
6099400053,165788.69
7468900270,189053.83
396100025,330013.9
1160000255,370234.97
6300000320,389217.25
6392000570,353845.53
7387500235,373755.88
1121000058,557568.44
9828702120,508493.34
7715800310,449690.38
8562740370,722841.6
5637500070,404118.22
5561400470,600409.7
1189000205,491409.44
2412100025,386349.47
1073100065,336685.28
5160300020,577334.8
2770601677,534834.6
5104450070,449844.22
820079043,397762.84
751000190,345717.94
1823049179,371983.1
7430200060,1248899.6
3331000035,524321.94
1775910370,536359.7
3626039299,565192.25
1546600125,667496.56
3260810150,321168.97
6817800330,286808.66
414100045,392414.78
1326039061,393310.34
4055700030,1331556.9
1225069038,2084736.1
2296700260,416868.38
2822049160,224683.12
3395300260,454879.84
5144000036,314728.8
809002290,871628.5
7334501410,363323.47
421049114,149923.67
2623069010,843312.6
1133000144,543990.4
705710290,365953.38
7313200120,613311.75
1269200150,249387.38
9264930970,341540.75
6819100020,2013843.0
5112800421,293927.16
7846700850,286399.7
7227501450,255179.3
5451210150,548295.5
4140900140,426366.97
3537900180,868214.06
7738500475,463526.12
3541600450,391118.78
5379800040,328493.78
6664900330,251679.28
6056100312,387512.9
7766200013,607810.7
8651720470,474482.5
5690500095,823566.4
5423010180,765417.5
3204300610,535077.9
3425059066,515547.6
7856660130,1043166.2
2954400520,1342694.4
2327000110,910892.8
9526600340,707385.06
7695500200,472638.28
7237501180,1146569.2
2008000550,251847.1
1123059126,561701.94
1775500371,793572.2
3459900230,1806003.9
2619950310,476982.03
1771100330,262158.78
1321059097,365479.72
2420069278,281873.56
3832050570,314100.16
7132300525,501902.53
8691410700,763863.94
7967000150,340223.7
1328300810,358293.38
711000110,1232830.6
9485951460,419841.75
1771000970,357849.47
2817100900,264156.3
6817800630,411462.34
3558900450,510546.47
7215400770,344088.84
4222000320,204512.58
2791500270,266298.9
424069018,797898.0
9547205180,635454.0
5631500947,551573.75
1425059193,1136752.0
567000775,432851.34
3904900610,498507.25
3649100346,417760.22
1624049228,461890.97
1559900080,363834.8
2919702040,631220.06
4013800206,207622.47
1025039292,1087423.2
2771604640,820937.44
7203600550,268915.94
1545802830,263516.72
3303910010,621239.9
8617000060,899970.94
7889600190,242027.92
3325069064,472478.62
6300000337,510184.7
1172000150,324806.0
3348401319,350692.44
4188000490,876679.44
7779200355,644450.0
8029900110,435979.6
4060000290,213378.1
9475710040,423698.75
798000535,224615.9
6415100410,385339.06
4299700095,280541.38
6117500955,370567.56
2421039075,235331.02
3362401935,524437.3
1545800205,274527.56
7645900235,732782.25
4141000060,1096429.8
9485800050,669220.1
2436700280,770244.6
7335400400,240920.6
9294300495,739634.7
6649300190,399787.25
7950303270,434041.8
2391601010,400758.97
8129700728,627486.7
7871500685,621156.8
1498304065,530994.94
3862710010,423488.38
9209900335,555332.4
952006857,300112.28
2322069168,598111.8
1775801090,470982.8
5700002165,515586.53
4029400080,413797.12
7796100080,919440.6
9279700150,1779516.5
3876200060,440888.0
2934800025,313567.6
9359100101,997025.25
3330500335,373264.38
4027700466,373761.94
3204800430,407228.44
5415350770,728690.8
1443550020,508267.88
2810600022,331791.22
1238500281,549065.56
2591020140,481791.62
7137900960,243536.52
1328340630,312669.6
3529200190,324079.1
1624049291,783601.0
4083301120,694564.9
1873100060,655888.7
1773101159,269195.22
7214700350,507813.03
3856902250,595403.4
7169500130,515930.38
4038300010,425481.0
9578500810,430302.84
3345100184,378699.72
452001860,467481.7
7905200037,526383.0
9376301110,459576.78
873900240,281814.53
8682262400,440207.1
7227500910,171558.02
2392100090,493211.22
3221079050,408444.3
4307320280,357342.8
3211270170,457269.12
726059483,694119.1
424049043,614696.06
6865200140,619493.25
1155640050,428396.03
4139430250,1502172.9
818500100,195435.84
7999600180,202839.47
4099501215,794046.3
4046700140,360978.88
8857600490,204837.2
8677900120,465322.4
5379805253,177970.67
9211510410,224879.19
2337000150,244842.38
1423049029,247152.34
4036800580,441067.28
3942900010,355638.72
3438502715,386946.78
7625702441,428354.25
3905100610,477566.78
2218000335,468534.94
3034200516,363222.28
8024200625,421116.4
8564500020,306051.4
9550202700,463946.5
7518508625,689116.8
1822350070,375889.72
8921000040,874468.5
6648150090,1596765.0
2402100675,721812.0
42000127,304598.06
5100401160,459978.38
7347600507,226706.94
1839910300,340455.94
1250201550,810740.9
9460000010,270260.6
3356402232,201573.17
6819100150,678520.3
8645501330,268914.5
1556200005,735492.0
40000228,231113.61
7300410010,351275.84
4299000030,377863.5
2629600016,496434.7
662310900,368135.0
1909600046,472085.16
7893207490,215471.83
2524049318,1663895.9
924069210,756526.7
1591600527,313993.6
98000060,1211889.8
6392002020,645418.44
2719100400,466207.06
8018600655,464781.56
2141500020,451090.1
3277801580,480423.06
7237500110,1124446.1
626100023,555180.44
4319200820,364372.5
1422029138,629400.9
9517200610,381599.53
7334600280,279474.44
8820902400,504309.94
8944600060,569728.5
100100050,301094.3
8074200100,272334.8
1836980240,823033.6
6648500440,297937.44
9530100225,689155.0
2883200875,663406.1
4218400175,1028794.1
1022069183,601595.7
6398000171,464067.6
5021900160,664391.9
8078410250,602598.25
7972602490,329326.44
1962200435,787928.94
7221400285,271285.38
273900030,219680.8
2708450020,529077.2
4083306616,483677.22
3034200435,575085.9
7855000550,1271013.0
871000155,622051.8
8024201714,514803.66
2625069038,1401881.5
2324800350,799040.75
5450900010,1522511.4
1822039225,527558.3
2460700700,264309.0
6679001060,303202.38
2422059111,302290.66
1250200345,265395.12
5589300370,355926.12
2021201000,1375626.5
4302200336,275178.9
1328330290,318090.0
3438500781,411269.06
5453700020,576164.3
123039147,404044.38
8691310070,820749.2
6450303785,318375.53
114100234,495998.0
9212900820,478340.34
4270600025,315446.66
7201600190,489718.62
521049227,825957.0
6300500479,412812.2
1432600100,216101.53
1024000109,399580.6
1430800100,369068.62
9164100125,535747.56
1925069183,488241.8
7852160080,879008.25
5317100780,1524622.9
4083304835,550387.4
9478400080,770321.06
4463400195,239817.69
4232901525,513654.6
3845101070,423198.8
1843130980,328660.38
3810000480,311197.44
7137960440,292577.1
1231001115,368323.5
5101405340,523971.97
3723800409,575372.9
8651430370,203262.84
6135300010,251624.03
23520380,482663.2
2935400100,560225.25
6137500320,972035.25
7841300230,353938.03
3521069051,471638.03
2621400080,303191.94
5104530240,353605.8
2022069200,481753.7
5469501850,365536.25
9206950110,285637.12
3298300210,384962.03
2810600015,466112.56
7298050090,514030.28
7202290620,492925.06
3211290370,445364.56
1591600506,343958.78
2827100070,343228.0
2482410130,403470.06
4364200125,425312.16
6388910730,571940.7
7436500120,506356.06
1822059156,725380.3
9432750190,517313.75
2205700405,428441.1
6056111370,319419.94
3205500160,380369.47
6139100076,418316.72
723069135,484747.8
4123830070,320149.8
2472920740,460217.3
6134500220,632657.56
2734100395,248764.17
3574800090,429489.3
3126049107,567512.1
669000210,1129040.0
1139000620,269225.12
3825311190,676170.44
7300400320,375651.78
9407150250,289424.25
3679400503,346868.5
641900050,388712.94
9169100130,566739.94
8091800140,334386.25
9547201155,538459.75
4154302045,238919.19
6638900265,777082.44
1423069063,430481.84
3335000025,464195.16
9269200650,255790.98
1781500180,374196.97
9211500520,209304.66
1853080150,849656.6
2767704756,459991.53
2206700295,437390.84
2557000380,303276.75
11520200,743237.8
3832710680,215925.81
2569500210,298536.5
5230300210,248732.73
6447300225,1741555.2
5035300325,1203872.9
7853301660,719876.56
5411800250,357538.78
7203210170,716128.2
4302200415,320895.3
7942100290,252454.44
3629860160,798815.94
1423069076,512277.34
525049085,582000.2
3306200230,231433.7
2193310300,477483.16
7978800621,234084.45
4027700632,415459.47
1761100190,221428.17
2749600245,537875.06
322069141,460739.66
1900000035,205986.98
3361400190,181901.14
1604602050,548019.06
9421500160,463017.97
7788400180,265329.66
1566100625,478096.75
3861500340,229614.58
2524069072,301768.06
3013300980,484900.72
4191500130,606971.56
9407150130,296489.97
3904902500,709689.94
9510900140,226792.94
3368900084,316660.9
3432501415,315898.28
4254000540,459808.4
2767603250,589189.1
2923501130,642883.0
9183703045,292526.78
5279100675,312986.88
3905080310,527930.06
2461900375,667808.9
3346300356,575514.8
1865000110,361709.16
9264930400,294191.84
3447000100,641817.06
2313900510,519004.94
7518507330,590408.06
9368700270,173669.03
1137400420,391086.6
2023069054,322710.62
2141320230,622966.3
9536601295,393441.47
2424400130,382155.06
5210200081,445261.12
4443800785,537774.9
7292700005,494231.22
9834201205,309467.16
3275800050,276362.84
6926700654,683572.94
7511000140,1436154.6
6821101895,626080.94
8964800695,1262999.4
6821100195,696691.5
1226059105,617793.1
2806300070,1269487.0
1720069029,293389.34
6384300020,471415.56
8928100125,609659.7
8562770720,535928.7
8650300130,720486.0
2126059172,465522.47
8812401450,702652.06
6646200280,624452.8
4021100045,506031.44
1155620190,419582.9
6061000010,364536.5
3362400472,369228.34
9558020240,534505.56
7309100270,512768.38
7137950210,315445.94
7849200635,223425.17
1311200460,240001.77
284000095,1092652.0
1509700050,304758.94
3438503014,245231.89
9406450090,336995.9
5096300140,386802.44
8923600020,1273609.2
809001070,664655.1
2291400342,300382.84
644210020,780383.25
6700390090,244568.03
5631500285,743597.4
104560120,304865.03
6413100311,367300.72
2558700090,440880.75
1471590060,722066.5
8914100170,616163.56
5652601035,318894.38
7852120140,739410.3
6163900952,338172.75
5215200050,988559.3
6352600490,802186.75
3912000020,595313.5
8830400135,220848.95
5467500040,419772.03
9406570300,408322.1
109200390,217189.66
2025770310,723283.75
1939120450,663014.3
7524900003,2786450.2
3755000120,396915.12
2473002850,540338.5
7625703945,385224.3
9477000190,434969.06
1727500230,411134.66
7011201087,403657.97
5561300750,451054.6
3969300030,210040.44
8097000330,316050.66
2025049064,700325.9
985001321,209249.61
1775500050,432746.03
8849300160,390833.34
2316400285,543277.4
2423020180,637962.5
7128300500,460609.2
9512501400,415728.47
7200179,206379.22
5490210670,499114.34
9527000330,634846.8
1972200326,532908.1
4151800195,686847.1
4046500320,356851.22
9834200885,476202.1
8161020050,552768.3
2891000750,204279.53
3426049031,1232638.2
7387500195,309773.84
6303400395,137236.19
638100015,400983.47
4107100204,2480265.2
537000255,214233.92
985001266,274921.97
1137410040,448090.3
7229900250,241043.33
3905100840,529078.7
8100400160,669316.9
1346300150,2991054.5
1443501020,227305.55
5490700035,336215.94
1954600050,415558.6
8122100690,442665.94
3663000070,531743.2
5101406375,507701.53
426059055,545451.2
9268850160,374913.66
8731800840,243580.06
3331001910,319598.44
7603100020,996620.44
809002705,764838.3
4364200075,298641.34
1113000430,170341.77
1176001117,612805.2
3320000212,396224.8
9286000150,1451441.9
301400830,245563.73
425059024,639887.4
8835350300,546397.5
7100000135,293456.56
7696600240,224806.12
9808640320,966738.2
3764500180,583191.44
326049060,568384.75
4017110200,440115.75
7224500300,264002.78
1560930050,531750.0
726059395,389211.2
8964800890,2765735.5
4045500620,586337.8
8562710250,943356.25
1775800710,354919.78
9528102865,700893.3
8096000060,603926.3
1591000015,278166.16
2310000430,384308.3
3902300350,639431.06
4068300280,251187.88
8732130730,242221.53
6791100410,491495.53
7660100236,437157.47
2568200070,807770.94
7697870310,253106.98
8562901100,617050.6
4016800120,315189.06
7338200180,575709.6
6791400320,262744.0
616000200,399300.84
2917200675,469773.94
2926049086,615924.2
3621059048,495584.66
7987401095,643022.75
5589900590,316905.9
855700170,512805.88
4030500130,292691.53
1755700060,371581.5
2413900050,687414.8
2489200250,501163.12
420000085,239809.42
8106300820,519839.97
8651730580,489799.25
8106300090,463430.56
9842300095,431957.7
9477000280,379445.78
2877102495,465049.53
868001030,973922.25
8564860110,538782.56
6762700452,557320.56
3294700310,200844.92
7231501665,274310.06
7525900050,523953.9
7882600326,1631038.8
104550690,279770.62
3425059076,1110234.5
8835770170,1526045.1
2581300010,1155465.0
844000180,242764.9
7888100240,218179.38
3845100670,486238.28
4027700812,452856.16
291310390,336294.7
9550200370,604506.1
2328800130,273741.6
2372800100,261113.44
2923039264,708971.3
9282801720,289109.0
9520900230,547891.7
985000955,261384.42
1099600090,205577.27
9211010320,517215.97
3825310820,895284.25
9545240180,571059.94
87000245,241002.95
5041300100,614752.2
3624039150,243657.94
1370804430,606179.1
722079056,451077.1
9126100815,500672.38
1770000490,318368.16
3995700250,409867.94
7214820400,389971.22
2473411130,332989.66
1824059079,939564.5
3080000030,449574.34
984200540,326122.62
524059063,1529326.9
9482700475,722302.0
8024200820,534150.5
8568700015,373281.16
1223089050,354219.78
2205500400,465320.94
1279300085,669457.2
7376300085,499872.56
322069020,432620.3
291310150,339671.28
724069059,1947864.8
5255200220,400841.0
1931300850,444052.38
4427100105,449880.25
2881700231,389717.56
8641500280,286136.16
5406500440,655639.75
8078390150,690085.44
8945300090,208769.92
8819901030,779720.7
3179100220,828930.5
2126079046,412963.12
2621750350,313222.0
4014400190,472528.47
7853420110,589306.5
2114700368,292357.0
3438501081,301054.2
6850700670,706225.6
3352402272,233944.9
4157600150,665592.0
8151600941,255695.27
5160300030,618346.5
3820350120,318976.56
7338000800,219901.19
3359500110,799785.7
8016300240,642814.0
7203120050,807137.1
3322049201,222352.08
7231502505,242606.3
8106100105,3858929.0
3895100039,978378.0
1001200035,230213.1
2724201202,221394.95
4038100110,515239.78
8827900015,596165.9
2644900109,409057.75
302000375,206580.16
1604600095,380525.88
2600040160,649409.3
2129700525,284613.9
603000555,310970.2
4083302225,865432.94
7298000090,440948.66
2484700015,516363.06
8945100320,191632.45
5112800042,453645.25
8091411100,284192.8
7375100070,472996.22
7577700061,566178.8
7923700030,546963.9
4235400186,377012.16
1498303700,688495.3
3876312350,417646.25
3797001815,456366.1
868002015,1245879.2
597000550,383314.56
8956200530,399195.53
2207100165,503387.38
7942100180,237933.3
2468800040,347272.8
9842300036,380159.56
5700003985,1956174.2
2988000070,401028.6
8857320260,495266.88
2600040130,539844.0
6632900452,554984.9
7518505910,591788.7
1672000170,574606.7
2597800010,544408.4
8562790720,737458.1
4219401080,1838538.1
7000100711,588303.25
7954000125,560732.7
5700003640,2115340.5
5700000275,678137.5
4019301205,455864.6
8943600360,300531.16
2954400400,1230124.8
1321400060,269320.84
2255500123,645318.6
2781260070,397329.38
1313000220,704341.8
1125069153,1545521.2
8899000310,266412.72
4139450360,859495.5
5511600315,569836.7
3575302575,490940.6
3226049054,506853.25
274100090,347822.2
1545802080,243510.56
6669020500,318786.47
3307700405,546756.75
3760500407,1765383.8
7853270100,699376.7
9320350020,546463.7
7715800430,465759.1
6791400100,380982.03
7708000010,408881.97
1448800010,251973.55
1782500035,353125.44
3449500050,534357.6
2856100515,898482.9
1245000461,1034395.7
1219000043,322863.25
5409800110,369751.72
2680700010,623290.8
8143100350,381102.25
2597150270,276761.06
2966800010,292428.25
8854000010,699498.0
2207200635,454004.66
1722059222,303247.5
9358002305,402142.2
6392001950,482897.34
3630080070,391772.25
3797001702,997368.7
8127700440,744468.2
1446400785,217844.1
5016002275,865419.7
2818100060,1178956.1
6431000748,366385.1
7972600450,300567.4
8078570380,340911.4
7889601320,164548.72
1762600280,911494.7
3026059085,1723583.8
3475000080,649525.1
1370802620,628758.0
5151600285,273368.7
2722049218,340892.5
7696300080,382866.12
4168100020,240950.17
1474000050,451675.4
2473480350,325153.28
1139600270,285819.25
6699940120,373147.66
7016100120,419895.94
6752510010,772501.2
7915100490,628238.0
984210170,351921.25
6159400030,406805.72
3013300968,365400.12
6404600006,227648.02
2770602170,489760.5
1922059401,235104.6
291300010,334145.06
3856905185,516122.34
7304300905,343812.72
3416600185,531758.5
1786810040,696286.06
4354700010,427253.9
3902100175,867322.75
4305600360,498259.75
3622069114,539772.9
4376700570,601331.5
6795100589,527635.94
3344500085,523110.28
2206500105,427394.12
8731900880,363929.53
1682000160,222276.61
5104200380,263471.1
1982201595,567127.7
795002190,191819.28
7228500375,546534.56
9412200280,453676.03
5071401000,884135.4
597000566,345255.06
8151600101,187350.38
2028700265,550915.8
1670400090,129429.16
7851980100,1030450.1
5595900345,382719.84
4046700300,410588.75
4324210120,258187.84
2616800050,557945.94
1525079069,683100.4
9828201020,536541.6
2723069146,675447.1
9468200100,563401.7
2883200961,555632.7
1137300690,684178.75
2473100280,360092.6
723049448,233703.81
3066410810,672262.25
5700003280,924153.9
9268200440,407242.78
4053200410,277028.56
1234000704,1210052.6
2473372170,423713.62
2523039239,235169.92
4324500490,165817.56
238000244,460819.9
1105000571,326574.88
1771000430,299539.12
666000142,839747.3
3389900800,387899.0
3578700017,594252.94
3629970190,759833.7
255450250,325566.56
1154100205,283364.28
3629890190,1032272.06
3905080870,523542.06
8155820110,308755.2
5135000170,808142.1
2464400435,666318.8
9482700080,543047.6
318900080,416397.72
9477001410,428521.34
825079019,678670.4
1471701200,384563.1
5606000120,858000.6
7853350220,633150.8
1776460110,453669.88
3904920980,678132.75
8087800430,577308.6
3298200320,414576.72
9122500080,286820.1
7893804845,280657.25
1370803730,638946.56
8001450170,303632.1
5561400260,589399.7
7308600010,745842.1
3524039060,301289.53
7300400150,344686.75
207700050,536581.9
5595900355,239389.45
2652500285,776582.25
6744701310,2308665.2
525069127,1331640.9
3334000050,397104.5
8682220390,711714.0
4038700380,575966.5
8073000265,355748.25
9521100960,675035.44
5634500688,965975.0
6813600440,382942.72
1072010350,522401.47
7853301700,664690.1
5141000571,281498.78
2013802060,521980.62
7852070210,1279330.9
1402970070,349470.8
2310040020,362907.97
646910560,290662.16
6647400090,429804.62
8682231110,612676.06
4376700330,607390.4
8069000075,721872.9
7147600220,283828.62
4142450330,275883.25
5101404698,438919.2
6154500070,958727.6
1592000640,601724.1
3756900027,606386.3
7203220130,908128.5
643300010,577851.0
8651720150,472541.53
4139400910,745332.44
5054800110,334011.53
8835200330,450558.38
7682200340,234790.69
7203600745,367438.3
1895000260,247540.1
7922750020,524598.75
5437200050,372283.84
8732160250,273792.38
1442870440,539337.1
1471700410,359378.3
3204800330,374516.2
1923000160,872563.75
2719100013,399535.5
3814900380,393101.5
326049038,481516.25
1068000110,1131394.2
8835800010,962054.0
1560920200,498848.8
1668500090,712506.6
2597530070,867214.5
1139000035,635676.25
8032700072,522955.16
7732300390,695047.44
5130000080,487339.75
9276200890,516799.78
342000036,471213.12
5126300060,475995.6
2331300505,678415.25
8651410090,175792.55
200800330,436808.34
7520000616,336656.28
7170200110,507735.88
3021059155,197588.36
3582900280,1125554.2
7340600845,215674.4
3905040060,534972.06
3224800120,309320.03
6021503740,548198.8
2570300130,458214.47
8121100395,420361.84
3356404198,263268.3
3630090050,835137.6
923000413,456691.22
9201300020,1522212.8
1777600210,730829.1
7738500731,4239197.5
686900010,875142.2
7967000160,337925.4
3413700130,530594.2
7852190290,600288.56
1180007375,601827.75
3353404510,284260.84
7802900380,309270.1
8021700715,630929.56
3205100080,428748.9
4477000290,570288.4
1118001645,1383243.5
7979900806,318176.22
7228500415,623609.7
7212660640,310344.53
3826000735,204282.94
7714000250,421406.12
4400200057,638585.2
2487200279,559967.44
7140700690,305946.38
3304300080,582042.06
2887950110,247395.9
3760500222,725660.44
9269200786,365128.12
3734900110,221928.83
5045700400,545707.8
2140950130,459203.44
2612000200,452238.16
8563300085,429344.22
2425059173,695469.25
8091410930,282357.97
9422400035,609236.2
1112000100,647571.4
1323089056,439929.62
5015000596,749667.06
1535204165,599996.44
1438000430,487163.16
3222059130,582516.06
1982200330,639365.44
6624010010,244524.14
2303900035,3768386.5
259600620,579814.75
6072500490,460915.03
123039633,296646.56
8562780090,335091.06
5249802240,542465.06
6071200400,559807.7
826069002,327872.6
2625079030,689725.9
6742700210,1290375.9
9253900408,1621626.6
2560803085,188515.81
1237500540,346171.9
425069020,1086150.2
9185700440,2503534.0
8656300345,381922.1
4245400045,234514.56
9834201370,420163.25
7853300770,409929.06
9551201295,487585.47
898000220,227630.17
3834000720,380416.1
1245500690,736502.94
4083304190,622720.2
4178300080,742153.75
2960900045,603544.25
1446801030,244742.08
7855800910,758201.9
7853310150,569159.4
8732131090,295715.3
7967600285,532669.8
8651520510,578208.6
5379802650,238764.31
1425059174,478514.0
627300105,845809.06
3124089049,501868.16
1778350270,701094.44
8691500410,398309.12
9169600043,550755.5
100300500,276526.6
3221069054,677318.06
4443800385,521657.97
7922710450,785598.8
7880020030,651544.7
3288020050,359915.2
4136980090,780429.0
1687000240,315086.56
7812801785,230171.11
1126059144,661456.3
792500260,372464.62
3222049055,697395.25
8635750090,681009.5
2767601280,779851.8
5347200162,222722.4
7503800210,294041.78
3394100020,1069868.4
7663700783,408335.03
9454200030,426867.25
3791500050,326552.47
582000185,621300.06
3211230260,395043.7
323059103,395406.0
7297700055,336087.53
1545805460,282356.75
2341800195,297463.9
6648700150,270963.84
3860900035,1828581.6
1980200236,604589.1
1180002745,277280.56
3275890310,679911.25
6840701100,532052.6
8651402750,262813.28
1588600045,404998.25
2422029094,305542.6
1702901500,342224.12
3755100005,481413.88
3624039074,335640.3
7950302995,387378.25
5273200060,668928.6
8025700460,265415.06
280610020,1011983.94
3333002450,260671.95
7379600240,552594.7
4058802300,286397.9
302000065,174655.12
9527000180,605566.94
3626039403,318415.56
9510900360,257898.98
2310040230,391487.5
7308900490,589662.56
2206900065,381747.2
324059161,970814.8
7345310100,243703.72
2422049107,341597.84
8146100095,680280.8
87000283,331732.22
7937600010,349890.4
2618300350,228418.08
224069102,494041.28
7129302095,188522.3
7352200025,1183125.4
6163900333,331725.66
3528960020,663552.7
1687000220,308003.7
4141400030,585909.2
1822500160,334529.22
5467910190,349697.25
9331800580,314130.9
2407000405,211157.12
5466700290,315251.4
3026059361,478357.47
1523069096,457188.0
3876312010,456149.84
8832900135,875079.9
9238900616,603842.44
4142450040,311180.8
9282800065,275974.03
5379800862,379976.5
2459950010,279084.4
4435000520,235234.16
1552800010,314930.12
7549800543,309366.34
9828200460,433122.1
6345000160,1085558.2
7129304105,365019.2
4302201005,312046.8
2450500110,701324.9
5166700050,508598.66
1085623710,374709.0
1123049129,281284.62
8566100200,952797.3
1774000780,456751.6
9492500170,842588.3
686530530,631670.75
4022907770,593395.2
6052400975,248783.34
3438502501,548269.8
3758900023,1342245.9
1645000580,259385.38
8099200030,210510.95
7635801371,465427.0
3456000310,954377.06
2025059150,700902.3
2624039114,565072.0
3348401095,308806.1
6633900170,486006.3
2600000510,673533.0
9414700020,343801.4
3204800520,354102.1
1844500025,361176.84
4137010590,397417.66
8564950280,505734.12
1338800491,786336.7
4058801702,841619.1
461004720,617722.7
3123059107,651247.3
6819100380,564212.3
1193000390,1003432.5
3450300270,351774.44
3110800040,258915.19
1437910090,504230.75
3645500050,454051.38
4338800600,293829.75
2114700530,368519.75
6381500450,368691.03
9206950200,293608.78
4232900940,742482.75
1025049174,1036499.2
7774200070,670190.8
1231000310,496123.8
8155870200,315732.78
7935000625,1268907.2
2426049079,349493.62
4037500230,531523.0
2331550120,349711.56
7974200765,521240.34
686200510,596443.4
4024100670,450533.25
3834500195,519809.94
3526059115,614172.5
7950304075,333560.47
1386800054,293257.97
9834200165,590565.94
6147650300,300391.66
6891800360,527880.9
9170500060,592094.44
65000260,861612.94
7784400130,521044.4
7941140070,348886.3
2122049096,166595.64
6003000851,332769.47
7203220050,1025555.6
8898700960,324859.66
5245600105,181910.78
3530470190,198529.77
7883603965,267419.88
4022902505,484398.22
3211100240,335888.5
5119010090,550259.7
3821000100,250875.52
7301300050,383606.03
2171400197,375980.88
9471201175,1534024.4
2473450200,483171.44
2258500045,433123.5
1139000400,441233.44
3298701025,240394.36
1498302774,223422.53
9276200190,661953.44
2909300240,693874.0
1250200693,553563.0
3101500010,397804.72
2557000630,264414.0
1324300091,398581.62
2826049260,456709.34
3342100421,697388.7
3524049083,385120.84
9103000393,1389305.2
3121059033,301356.66
7853240200,597430.0
7950700120,294123.03
1822059057,150867.11
1219000473,260720.11
9272201385,619909.8
1336800185,1253336.8
9268851630,403941.03
2788400315,239537.22
3529000930,548220.2
5631500967,407807.72
2188201010,316724.3
8562970040,752649.44
4415600030,416329.06
2473251170,266569.7
7511200020,525553.2
1163400020,260566.14
5412400180,268837.5
255450400,362249.94
1687000210,305452.4
6749700004,316796.78
2738650030,578808.44
9136100420,728557.8
1924069115,793921.2
714000155,615275.7
904000045,672304.94
3395070640,268962.3
6308000010,598478.2
2695600130,338621.38
3626039279,368753.28
1623089039,267284.16
3438501327,377362.12
8118600025,429815.62
7625703435,866078.5
1807900300,670166.4
1862900360,300327.28
2768100186,463922.4
2524059269,1025425.6
1126059108,976826.7
7856610130,787359.7
7203000200,237684.11
3630120700,789440.25
1612500090,225720.27
3586500620,935450.8
5207200360,433905.06
6675500035,433983.38
1781500385,362664.25
1150900080,829549.8
9541600355,759542.75
7525530670,780948.6
844000375,305366.4
9578140180,354084.84
9558041130,325692.5
1788800910,175959.72
9550200225,514749.62
8643200055,233727.66
6143000020,290642.62
8941100095,1110616.1
3630010020,404751.78
2895800610,354413.97
822039084,827017.5
5423600080,595553.5
3992700775,428608.56
3816700150,423859.72
4083302485,764642.06
5127000810,342926.56
1725059182,1157837.9
9485930120,365280.66
293850040,636367.9
8731981940,364752.78
3330501545,309138.62
1026069061,806801.75
8121200710,499184.1
3764390100,447784.44
9493200010,327361.16
2902201301,701296.4
3444120130,464859.1
5256500025,473633.84
4022902715,562005.56
871001500,723452.7
2329700440,182082.27
1773100275,253304.7
7852160070,982049.56
2141330560,608704.75
2505500009,737169.7
8647800150,321490.4
4337000200,229359.73
9264901680,244625.64
1773101050,341409.53
9320990120,302531.25
8856960280,301787.75
5589300585,294082.94
7935000595,964529.4
7203150080,693390.6
5616000030,308832.28
825059178,3973592.8
6666830390,754550.56
8732900840,663590.6
2095800520,503018.0
1771000760,347841.97
1901600090,335348.44
8857600680,237316.9
4038700830,590683.5
8956200070,379896.8
8081500050,2056489.1
567000755,412628.22
424069264,730636.44
1564000410,843265.44
2817100910,328379.12
3303960080,829553.56
3340401535,222454.86
1622059095,284502.66
3278601940,398027.5
7202380120,505086.75
745500010,920125.9
6608500220,405426.03
8024201055,385259.38
8929000140,462876.3
859000160,276512.62
8673400061,398239.1
1269200229,1095781.1
6705850300,803336.9
3395040550,307095.3
1697000370,240097.42
5245600120,221780.4
8892900180,211304.1
1794500360,799827.1
2025049192,548226.8
1930301325,1016518.1
4217402162,1358185.0
8126300410,536991.3
3345700215,596593.4
2887701420,440993.62
2887701251,443389.0
4036100175,648472.25
6762700515,1046296.9
3192000085,181464.8
226059096,1356481.9
9238900855,554791.0
6706200130,313051.75
2744000010,275310.1
7202271060,737484.2
7923200150,564380.6
162500030,388466.53
2571910210,284121.22
1523059105,338025.88
6052401215,266193.06
6626100260,759898.2
8925100115,1353773.4
5459500165,613608.75
7686202635,181944.16
1118001370,1322602.9
122029066,507239.62
8039900130,326586.34
3262300235,1324809.8
8860500300,351065.22
8956000250,514673.7
1646501920,535831.0
9284801500,445038.3
1442880380,462219.25
1311500020,260931.44
254000695,385727.78
9477101280,403283.66
9510970530,667575.2
6891800500,652719.8
9407000230,285367.78
7202340590,698433.0
8151600590,359715.8
9407001600,289567.88
1771000690,298010.47
1525069134,1065148.4
8645540040,296479.88
9414500200,458064.8
7883607645,207055.27
3845100140,340370.8
2726049164,451860.6
4340610040,278475.53
1245003006,1097430.4
1105000373,265279.72
6083000123,209134.62
1777600450,675463.0
9558000100,417544.12
2473002060,334282.28
943100689,363826.38
7544800395,436917.1
1931300090,638818.94
7936000252,510158.56
7987400316,244094.11
5152700060,786888.3
1721801025,205365.62
3438501450,316851.22
9222400510,415727.84
1796700160,275796.38
323059208,323808.88
3392100050,163340.17
4038500210,758637.9
6324000090,520613.25
7549802535,456098.03
3343900326,500433.1
5701700640,834235.25
5249803185,577277.25
8838900032,930992.0
1237500577,950456.9
8642600090,294364.53
3303100075,467948.56
2133020020,378130.47
7950302890,481461.75
2770601734,576700.9
2538410140,353057.4
8159600360,581747.2
917000300,374533.66
2391600330,397671.56
9285800585,513713.0
2005950050,253090.97
6450301835,330003.44
2473480520,327114.8
2818600010,1214928.4
952006728,294280.4
3422049088,304604.25
3629870420,993777.56
1079350090,285119.9
1509500060,379326.12
4039000050,501136.75
5288200230,767670.9
626400020,736717.5
5457300095,1615050.4
5000500055,223221.98
324000530,454891.22
6713100031,428016.56
3316500200,471788.84
3124059006,1418508.5
1125079111,1742550.6
7852020300,468230.16
123039364,229761.44
7883603190,270143.28
9828700900,544538.4
6821100015,683135.56
9522100375,672574.0
2420069201,247121.78
7504110330,770126.0
475000510,579790.44
2425059074,904875.56
7518503685,440611.28
5466400550,234698.05
7852150720,403479.1
3066400140,618788.94
3298400470,543238.3
2902200874,778823.75
9500900110,207270.1
8835200160,323044.53
6056100295,284709.84
1858600042,358501.03
7224500010,305766.44
5457801925,873756.56
7575620750,254442.16
2391600735,506296.25
6192400180,782994.9
5249803870,507418.62
3575302880,389900.44
7225000045,205333.56
5561720180,272174.12
1972200428,485449.0
892000025,188422.83
2944510080,285020.03
2428100100,807337.8
6647400250,451293.8
121059038,404642.38
6398000191,513587.38
526059103,304734.84
8856960720,314499.56
3832500260,266138.56
1623089025,466807.0
3625710080,1038002.25
6446200060,731517.56
5706200370,459854.47
5515600088,233319.12
8029500360,335285.56
6700390150,260692.83
642500080,419674.0
6150700264,384938.06
2473371780,397982.0
3905120540,555549.7
2652501215,713068.44
3176100110,684035.9
7574910650,769661.06
6385800030,287823.66
4443800960,551186.8
8731951490,294341.4
3380900125,349642.28
9828701508,627564.2
6699950310,360974.97
3321049112,389339.88
1824079052,1099145.1
8032700140,733547.25
8679600150,600760.75
5040800120,891110.4
2026059119,375448.44
4024100951,449107.03
7212650990,344453.78
936000060,364257.72
6181500340,329213.12
1137400050,410198.1
3324079092,400754.62
4268200055,286844.72
6145602240,371364.28
475000176,444126.38
3279000120,232027.95
9392200030,253105.06
3438500714,372080.72
4306500070,357048.75
8588000610,194490.22
792500190,346519.75
2461900850,467857.75
2660500365,320630.12
5451210100,720273.56
2787000040,321811.7
3278602670,209853.08
9528100899,677312.3
1324079085,357285.66
9477001140,434702.72
9521100880,728988.0
7853210060,405900.0
1326069094,414390.5
3420069065,343963.38
5468730280,254740.16
5437600140,338088.9
5127000410,364553.28
5445300050,631201.1
3375300360,247941.19
9297800165,602153.2
6021500840,603997.06
4323700230,438900.56
643000110,280688.7
8043700105,2718235.2
6824100014,447796.72
9542830480,342338.72
736100065,847022.6
2592210510,877683.7
4233600260,1131066.1
1266200015,708515.06
2787700060,338905.44
8843900396,324333.44
8029500380,277352.72
5292200010,450657.84
1773100980,315686.66
2886200070,567640.2
8594400110,373507.7
9268850180,296114.78
4141800285,1689313.2
3188100007,406384.53
1796380960,276757.9
7202330030,483859.8
8078440140,546478.56
7983200060,224436.19
4427100025,426523.44
2113700510,279572.56
6446200305,679545.0
3425079088,572156.25
3304040130,361719.66
3222069153,258155.31
5127000470,339163.97
7525100520,414194.72
1868902745,848975.1
2920700220,400011.53
1105000780,418549.12
8563080020,886393.25
3630090110,798485.1
856000195,1849106.0
8649401000,213812.62
1315300095,769731.4
6802200670,263026.0
1523069022,343371.12
2624049165,407800.78
1972202080,591684.2
7211340030,254576.75
8850000180,470778.9
2787250080,523273.12
4235401055,503675.75
5226500250,508657.1
3294700421,356971.38
322069180,649395.25
1025059186,547335.1
1923039022,648146.4
1402600110,385316.2
6817810190,420389.9
434000030,616102.6
6056110460,604185.3
4337000285,234905.56
5710610250,569330.0
1049010620,234288.62
5112800234,432718.6
2309000060,525062.3
2985800030,448820.34
1604601570,378835.03
1563102435,859302.25
257000105,197078.14
6788201440,857054.6
1442300005,377345.9
4055700784,830212.44
3889100029,779934.3
4139450760,1017814.5
6079500230,689196.3
259601010,443804.47
3980300020,288918.8
9390700100,531323.0
7200001005,495141.12
9264920250,263042.25
8682260470,452823.84
4083303815,871360.8
7383450250,386556.03
253600180,407914.28
1450000210,195973.83
1133000100,432470.62
7511000050,1226004.5
5710600030,544250.5
4178300310,735643.9
3041700570,557209.06
1238500978,411188.2
431500155,602284.7
2937300050,1083920.8
1352300315,203391.56
3277800823,327052.2
8895800110,1030200.94
9274200318,597292.44
1118001805,2159263.8
629810720,799584.8
6852700476,544169.56
7345200650,220013.72
8929000290,441158.28
5506500170,610890.94
8899000140,263181.0
4006000423,265480.75
7137910140,233229.11
2423020010,445352.28
40000362,158024.02
1657000070,224097.06
2124700015,232760.0
1887500045,250402.98
6838000170,474090.8
1310910290,322795.7
3599600276,155758.56
8142000080,361141.4
8856971000,310056.2
624100950,789859.56
2767704332,473652.0
405100165,393996.94
6117501755,448899.22
8961950410,310826.38
1523550480,659967.44
6840701160,594095.2
3331500650,260853.28
1862400517,332980.53
9558021000,356436.34
1310800090,207203.73
5104511040,345477.84
522059189,232564.23
3448720020,416125.84
1310700330,287755.28
5649600462,333526.2
1853000510,1082001.0
8128700005,300716.9
6352600210,819977.3
3754500010,783333.5
1962200475,850122.94
1773100765,225128.58
8895800200,925914.44
1310900260,305128.3
809001525,881027.9
2624049103,299429.88
9191200380,613141.1
6600060120,465960.2
8150100045,256706.45
9558010190,368794.03
4038700930,576946.0
2883200775,663111.4
4036800910,533966.6
8673400177,580014.5
7110000068,707272.25
3279000240,244637.95
9545230280,537786.9
8815400105,577632.8
6738700075,903460.3
8732030490,261128.19
9532000070,537270.9
7752400075,546675.1
3824100051,390690.34
2768000270,490323.1
108000127,505145.28
844000225,280613.38
6817850040,975315.75
4447300137,879588.56
8598900125,394752.62
5072410070,439562.12
7129300520,210816.55
3830210020,192728.19
4137040250,305729.25
3022079080,646329.9
722039087,257198.67
3924500040,713058.0
2473381090,328097.8
2201500490,395352.28
9265410090,216164.33
9286750100,343710.1
2023700040,661429.3
324000280,685602.94
3814800280,376777.22
7697100030,499032.25
8731900790,315025.88
8044700010,638235.25
6123600100,182952.12
1450100390,159020.02
579000550,460932.72
2459000020,302857.53
5016000315,484333.97
1193000190,799100.94
4038700730,610579.25
1556200265,706582.2
6600410170,223314.05
642800130,720272.4
1043000100,379222.8
7809200055,237803.66
7010700308,1032737.5
8680500090,570653.5
2719100355,627867.75
7905200147,498023.75
271200130,229818.22
326049103,496489.16
8682211030,443920.1
1070000390,1167944.1
8648700450,584533.7
2695600410,445211.28
8562710640,967004.7
1525200060,644283.8
1822039138,675324.75
2767601375,496967.28
3425069117,1429826.4
952004570,373986.03
7625702616,276209.22
9818700430,469699.8
2822059091,245603.28
1775900220,324818.25
6371000079,623661.3
293760150,975650.3
1336800880,1412781.4
2771600550,1093992.2
3905040040,505764.7
7787110060,431704.9
7708250040,340513.16
4022901316,455868.8
191100235,922003.2
7852050220,339696.8
3293700480,372903.66
2597450620,1513238.0
6169900580,1461643.1
2767602855,752627.25
810000080,950380.56
6392000625,529136.2
1865810290,213625.25
1568100380,339958.06
5249804760,389838.8
1337801060,910346.7
6181410950,261017.62
9264900660,291230.22
9122001231,609202.75
4427100030,396102.4
7334400070,279362.56
425079001,670992.7
7436500360,473609.12
1245001295,723093.44
1310500550,299004.2
4047200950,268656.44
9103000455,853436.9
2291400341,324558.5
3876100310,381429.34
7131300031,258657.05
7853380510,634986.56
7409700215,616267.44
5248800250,421766.16
126039323,412508.16
6632300207,374146.6
3826501060,246353.02
8024202520,426629.22
3343901401,602755.25
6431000005,556195.2
9232900075,332532.38
3056700150,209664.3
5104511250,484359.7
3658700510,621611.1
2895110062,314110.62
7454000990,255657.94
4038700680,658278.94
7811220070,558290.2
8091670030,357519.03
3438503045,224728.58
6388900710,479939.22
7956300020,189386.36
1775930440,489321.03
1762600190,909559.56
6600400260,214054.39
8728550150,591912.8
8155500110,605292.8
9169600135,473962.8
1777600490,655545.1
125059179,651350.1
7558700030,4844344.5
1702900624,327138.12
3343901403,546188.9
5101400994,345867.8
5547500050,271085.25
1705400350,371683.62
629810800,874644.4
4104900150,577610.94
7888000390,197030.58
4140900270,399530.22
6649900030,396405.5
820000012,419231.9
6151800080,318044.44
7454001060,235039.8
8682262330,431654.38
1566100010,395159.84
1180500070,400107.53
1112630130,384483.7
3101500090,385035.03
8682310220,640184.44
4032500035,570685.44
1623800440,531578.8
1088400190,257308.48
751000080,389614.5
6675500070,398194.66
2193340140,522271.88
522049074,428270.78
3204500340,268389.4
5104200470,451806.3
7517500611,693961.4
2946002140,209521.5
7631800110,965619.8
3529300330,350223.06
3885801970,670143.44
5456000570,1058180.2
4123810090,365820.72
4037000635,541643.06
8079030350,510081.44
1726069060,743757.3
6858700225,223670.6
3356406510,213974.3
5423030040,635029.0
3111300040,447464.4
259800060,461634.97
1972202320,465392.62
5100403818,368861.47
1422700040,237604.06
3625049014,2613709.0
7852011040,598225.8
1201500010,646916.3
7195800009,292219.16
9407001320,274724.88
9508850100,600876.1
1328340380,271981.06
3885804305,887378.44
7128300630,670922.1
7574000080,351394.12
3744000150,450916.62
2607720150,506297.3
7203190110,750681.8
3904902430,697506.1
11501160,777846.75
9209900315,495359.16
9465910030,562961.5
3622069103,636163.6
3288301010,447222.8
4395600060,854756.5
7694200380,357736.47
9552700550,710392.1
9264921110,278336.3
6738700225,1048306.5
293620220,803107.1
7525300310,600041.9
3992700036,400513.94
3577300040,485390.25
3812400202,175395.36
2402100055,714747.6
1853080790,811451.9
1994200260,698955.06
1339300025,818013.2
7616200050,517355.4
4022902555,733365.6
9528102110,637280.56
6613001241,1570809.6
3205400240,333578.4
6065300840,1507953.9
7852040080,537903.2
1920079039,237601.73
2817910030,449326.2
1563102880,793535.2
8561200110,545602.75
629000605,1175065.6
2781270440,236378.4
6152900273,308277.4
3303950130,365333.12
6411600113,346705.75
4055700167,785731.3
291310310,515638.06
9523100550,840423.44
724069070,1034198.56
2408800120,360711.44
7559600200,657727.9
8165500790,350606.44
7856620870,808345.3
1588600040,364963.53
1023059246,500000.5
1938000140,772589.94
6061400160,369795.56
4167300350,253466.33
8649400790,234509.75
173000036,331477.75
225039049,550419.3
8043700300,2695138.2
3834000400,383286.5
4054530260,1652947.1
8724300010,654943.4
9358002232,363607.47
3298700012,261205.14
1125059071,990848.0
3885805300,511945.9
5315100784,1133572.1
3861400030,844172.9
7202340010,656580.7
7272001805,328828.5
2781250230,365518.53
1042700300,864510.56
123039279,180706.48
3760500336,1291600.6
6979940100,813042.5
686300880,701259.0
5214500690,414858.72
6021502250,622545.3
1320069223,317102.94
2871000300,775979.94
2724069117,386664.47
1159400220,830023.06
2571900380,273113.3
5528600050,325850.34
7686202730,154029.44
2225059118,879007.25
2558630350,440216.8
3655400060,407144.94
9558200080,290003.9
1796100015,576043.2
3378900020,483421.6
5416500040,300446.6
8856004582,206048.77
3812400107,430561.06
6126601445,545103.94
2997800021,458960.66
1211000280,380237.03
766800090,275516.88
3224079005,284534.6
619000100,349683.12
4319200620,324531.8
626059335,468324.22
3340401570,362422.3
7015200800,674774.5
8106300510,489166.06
1446110020,482141.47
2872900280,634200.2
8965500320,743259.75
7853300070,509129.22
5652601455,717603.2
7579200915,1089980.9
2641400160,341137.53
203900460,394381.25
2998800040,601207.9
7519000170,540850.56
923000425,812170.44
2973800030,200106.53
6430500182,1032671.0
7304301010,358673.97
3861470110,1963772.5
2296500136,813305.44
6790950150,722816.7
8123100045,488013.28
3142600130,612811.1
7137970130,310082.6
8656800190,382983.0
7135300046,243250.1
3629960680,468010.6
1133000385,765476.3
1085621960,317788.88
9542802000,208638.14
8151600973,591269.94
7019000050,361030.0
6021501920,635224.25
7399300420,313210.94
7548300731,614630.94
5316100220,1000516.1
5152600090,258591.31
1703400470,371717.38
7316400070,270284.62
5561300380,474573.56
2215450100,309347.16
8635750330,656962.94
9492500140,824950.75
5315100393,701002.3
8588000315,215451.39
7524200180,224702.31
4235400255,426756.7
326069131,607454.75
4077800026,896827.7
9477000120,383258.2
5608000590,1015818.5
4137050130,267842.8
5249801440,420134.0
9264901510,261448.3
5437820250,207037.5
200500410,535684.6
9407111100,297218.7
126039252,391412.47
6141100255,441688.97
3013300830,344999.6
3271300955,807731.8
3021059276,269890.4
9542000050,723198.5
2769600035,775954.94
3824100364,459963.34
1726069202,438679.7
7327500270,367146.88
1189000207,449624.6
2472950160,254350.95
9558040050,563971.94
3438503120,362567.28
9407150240,278817.3
1370804295,665011.7
5700001100,609404.3
6837820030,377857.75
5411600210,784010.44
5061300030,252016.52
525069133,876487.75
2121000250,343690.0
3179100720,638493.94
2780700050,469121.78
1545805820,280992.47
5702380630,242771.25
9211010260,516448.4
7129300595,300165.44
6802200100,226592.56
3304030140,413231.88
2623039019,891048.56
104500730,220064.8
2924069132,587187.75
1775500310,579673.44
8114000040,302016.84
2011400021,407210.44
7525570020,744501.8
2917200615,438777.8
7697000170,291176.56
7871500070,802716.0
7215722010,520137.06
6300000378,502501.75
7159200005,2536456.2
8946410040,391715.4
3893100327,386673.62
635000009,846188.9
2322069116,460577.22
2760200050,298315.03
3432500210,329758.22
5700000245,566839.75
7588700177,306250.38
9178600135,721519.3
9830200475,413113.6
8562780160,356554.44
9826701665,512843.84
7504010900,638057.06
2770606915,521150.84
1254200075,634500.06
2473450430,391735.5
1433290010,424777.47
7586200061,373832.1
6841700070,547928.7
9826701320,501698.1
8943600720,285161.47
6791900260,762417.56
2301400640,724600.1
7979900210,337005.3
4037200665,407220.75
984000650,291824.78
2937300060,930645.4
8731982190,263407.66
1445200190,294227.62
952003285,717090.5
1402970020,389995.75
2487700274,412690.94
8113101670,400801.75
8682300400,607455.7
809002435,718782.8
4045900147,541266.75
2991000400,265859.38
9456200405,190946.61
5104510370,285841.53
9414610240,538097.56
2111010760,389327.2
1854900430,713459.94
2624300080,777920.44
3645100280,485332.97
1433100010,274360.2
9533600100,1225805.8
6743700030,518996.75
9294300070,655975.5
2114700540,239663.1
7853280550,692464.06
868000175,631051.25
1446401290,216861.7
9109000050,309615.97
8856004327,266666.25
2329800110,267737.97
3031200230,402348.4
7582700075,1659248.6
2422049104,156296.0
9274202885,550968.25
1770000090,429678.53
9500900430,207849.0
7305900082,352754.25
3336000170,376749.2
5680000455,785246.8
9808630210,905551.75
8807810110,439400.72
3824100211,412254.06
3423059153,587540.2
3937900120,519385.75
524059323,826578.94
4305600250,475893.7
1257201375,569287.75
853600150,1206857.1
2424059174,1382490.9
5205000400,284544.22
2658000115,199056.64
3055800020,277565.38
357000025,573101.56
5666300010,318394.6
4167700210,233716.86
9187200275,770101.8
2960900040,441119.66
1021049022,275392.97
7750500120,225241.2
7153200160,1272025.6
4406000390,273948.22
629800380,1265067.4
2026049125,319140.5
6117502230,2020753.9
3379100130,484641.88
2472920140,485638.16
7214720075,584461.6
1771110070,324656.53
5127001600,303110.5
6666860210,343166.7
5467200055,311437.8
7819000040,378358.88
3790700070,277238.28
6362900138,354182.16
597000593,370980.47
8032700070,619658.9
9301300215,999492.75
8902500118,369377.88
6607000095,356462.16
2163900081,906745.75
7732500270,712401.5
3856903515,627659.8
2557000400,274074.53
4386700135,1773252.8
7399000360,317974.44
